mo_name,sber_dup,in_dict,status
Бай-Тайгинский муниципальный район,False,1.0,ok
Красночетайский муниципальный округ,False,1.0,ok
Тербунский муниципальный район,False,1.0,ok
Гаврилов-Ямский муниципальный район,False,1.0,ok
Кичменгско-Городецкий муниципальный округ,False,1.0,ok
Михайловский муниципальный район,True,4.0,дубль названия у Сбера
городской округ Ивдельский,False,1.0,ok
муниципальный округ Опочецкий,False,1.0,ok
внутригородская территория города федерального значения муниципальный округ Северное Бутово,False,1.0,ok
Козельский муниципальный район,False,1.0,ok
городской округ город Дзержинск,False,1.0,ok
муниципальный округ Кунгурский,False,1.0,ok
Ханкайский муниципальный округ,False,1.0,ok
Дальнереченский муниципальный район,False,1.0,ok
Туймазинский муниципальный район,False,1.0,ok
Балахтинский муниципальный район,False,1.0,ok
Чистопольский муниципальный район,False,1.0,ok
Сакмарский муниципальный район,False,1.0,ok
городской округ город Дивногорск,False,1.0,ok
муниципальный округ Черняховский,False,1.0,ok
внутригородская территория города федерального значения муниципальный округ Гольяново,False,1.0,ok
Тихвинский муниципальный район,False,1.0,ok
Майский муниципальный район,False,1.0,ok
Юрьянский муниципальный район,False,1.0,ok
городской округ Находкинский,False,1.0,ok
городской округ Жатай,False,1.0,ok
Новоспасский муниципальный район,False,1.0,ok
городской округ город Медногорск,False,1.0,ok
Шатковский муниципальный округ,False,1.0,ok
Горный муниципальный район,False,1.0,ok
городской округ город Казань,False,1.0,ok
Ядринский муниципальный округ,False,1.0,ok
городской округ Миасский,False,1.0,ok
Рославльский муниципальный район,False,1.0,ok
внутригородская территория города федерального значения муниципальный округ Сокольники,False,1.0,ok
муниципальный округ Пеновский,False,1.0,ok
городской округ город Тамбов,False,1.0,ok
Вяземский муниципальный район,True,2.0,дубль названия у Сбера
Ирбейский муниципальный район,False,1.0,ok
Алданский муниципальный район,False,1.0,ok
Тоджинский муниципальный район,False,1.0,ok
городской округ Серовский,False,1.0,ok
внутригородская территория города федерального значения муниципальный округ Савеловский,False,1.0,ok
Ногайский муниципальный район,True,2.0,дубль названия у Сбера
внутригородская территория города федерального значения муниципальный округ Рязанский,False,1.0,ok
Таштыпский муниципальный район,False,1.0,ok
городской округ город Димитровград,False,1.0,ok
городской округ Голышмановский,False,1.0,ok
Шекснинский муниципальный район,False,1.0,ok
внутригородская территория города федерального значения муниципальный округ № 7,False,1.0,ok
Островский муниципальный район,False,1.0,ok
Екатериновский муниципальный район,False,1.0,ok
Большеуковский муниципальный район,False,1.0,ok
городской округ Осинниковский,False,1.0,ok
Сергачский муниципальный округ,False,1.0,ok
Чеди-Хольский муниципальный район,False,1.0,ok
Надтеречный муниципальный район,False,1.0,ok
Валдайский муниципальный район,False,1.0,ok
Туркменский муниципальный округ,False,1.0,ok
городской округ Богородский,False,1.0,ok
городской округ город Усть-Илимск,False,1.0,ok
внутригородская территория города федерального значения муниципальный округ Комендантский аэродром,False,1.0,ok
Верхнетоемский муниципальный округ,False,1.0,ok
Чановский муниципальный район,False,1.0,ok
Моркинский муниципальный район,False,1.0,ok
внутригородская территория города федерального значения муниципальный округ Хамовники,False,1.0,ok
Токарёвский муниципальный округ,False,1.0,ok
Красносельский муниципальный район,False,1.0,ok
Аксубаевский муниципальный район,False,1.0,ok
Панкрушихинский муниципальный район,False,1.0,ok
городской округ Богданович,False,1.0,ok
Шарангский муниципальный округ,False,1.0,ok
Бейский муниципальный район,False,1.0,ok
Приволжский муниципальный район,True,3.0,дубль названия у Сбера
Прионежский муниципальный район,False,1.0,ok
Чугуевский муниципальный округ,False,1.0,ok
Исаклинский муниципальный район,False,1.0,ok
городской округ Североуральский,False,1.0,ok
муниципальный округ Конаковский,False,1.0,ok
городской округ Зарайск,False,1.0,ok
муниципальный округ Бежецкий,False,1.0,ok
муниципальный округ Локнянский,False,1.0,ok
городской округ Абдулинский,False,1.0,ok
Здвинский муниципальный район,False,1.0,ok
городской округ Дубна,False,1.0,ok
Сызранский муниципальный район,False,1.0,ok
Гавриловский муниципальный округ,False,1.0,ok
Катангский муниципальный район,False,1.0,ok
Зилаирский муниципальный район,False,1.0,ok
Табунский муниципальный район,False,1.0,ok
Любинский муниципальный район,False,1.0,ok
Сосновоборский муниципальный район,False,1.0,ok
муниципальный округ Мошенской,False,1.0,ok
внутригородская территория города федерального значения городской округ Щербинка,False,1.0,ok
Судогодский муниципальный район,False,1.0,ok
Абатский муниципальный район,False,1.0,ok
городской округ город-курорт Пятигорск,False,1.0,ok
городской округ Дальнегорский,False,1.0,ok
Лежневский муниципальный район,False,1.0,ok
Юрьев-Польский муниципальный район,False,1.0,ok
Мариинский муниципальный округ,False,1.0,ok
Ключевский муниципальный район,False,1.0,ok
Каменский муниципальный район,True,5.0,дубль названия у Сбера
Елабужский муниципальный район,False,1.0,ok
Челно-Вершинский муниципальный район,False,1.0,ok
Павловский муниципальный район,True,4.0,дубль названия у Сбера
Тужинский муниципальный район,False,1.0,ok
внутригородская территория города федерального значения муниципальный округ Московская застава,False,1.0,ok
Нерчинско-Заводский муниципальный округ,False,0.0,нет в справочнике
Молчановский муниципальный район,False,1.0,ok
Жердевский муниципальный округ,False,1.0,ok
внутригородская территория города федерального значения муниципальный округ Горелово,False,1.0,ok
внутригородская территория города федерального значения муниципальный округ Новоизмайловское,False,1.0,ok
городской округ город Котовск,False,1.0,ok
Верхнеуральский муниципальный район,False,1.0,ok
внутригородская территория города федерального значения муниципальный округ Невская застава,False,1.0,ok
Тюменский муниципальный район,False,1.0,ok
Иланский муниципальный район,False,1.0,ok
Баунтовский эвенкийский муниципальный район,False,1.0,ok
Ардонский муниципальный район,False,1.0,ok
Сретенский муниципальный район,False,1.0,ok
муниципальный округ Неманский,False,1.0,ok
городской округ город Назрань,False,1.0,ok
Краснопартизанский муниципальный район,False,1.0,ok
Никифоровский муниципальный округ,False,1.0,ok
городской округ Котельники,False,1.0,ok
Охотский муниципальный округ,False,1.0,ok
городской округ город Нижний Новгород,False,1.0,ok
Чойский муниципальный район,False,1.0,ok
Вешкаймский муниципальный район,False,1.0,ok
городской округ Реутов,False,1.0,ok
Сунский муниципальный район,False,1.0,ok
муниципальный округ Фировский,False,1.0,ok
внутригородская территория города федерального значения муниципальный округ Измайловское,False,1.0,ok
городской округ город Кумертау,False,1.0,ok
Нанайский муниципальный район,False,1.0,ok
городской округ город Саратов,False,1.0,ok
городской округ рабочий поселок Новогуровский,False,1.0,ok
Кочубеевский муниципальный округ,False,1.0,ok
Ленский муниципальный район,True,2.0,дубль названия у Сбера
Уватский муниципальный район,False,1.0,ok
муниципальный округ Краснохолмский,False,1.0,ok
Алексеевский муниципальный район,True,3.0,дубль названия у Сбера
городской округ Верещагинский,False,1.0,ok
Баймакский муниципальный район,False,1.0,ok
Старомайнский муниципальный район,False,1.0,ok
Болховский муниципальный район,False,1.0,ok
городской округ Чердынский,False,1.0,ok
муниципальный округ Селижаровский,False,1.0,ok
внутригородская территория города федерального значения муниципальный округ Теплый Стан,False,1.0,ok
Урупский муниципальный район,False,1.0,ok
городской округ Копейский,False,1.0,ok
внутригородская территория города федерального значения муниципальный округ Люблино,False,1.0,ok
Сосновский муниципальный округ,True,2.0,дубль названия у Сбера
городской округ Солнечногорск,False,1.0,ok
муниципальный округ Верхнекамский,False,1.0,ok
городской округ город Торжок,False,1.0,ok
Лескенский муниципальный район,False,1.0,ok
Наровчатский муниципальный район,False,1.0,ok
Омутнинский муниципальный район,False,1.0,ok
городской округ город Южно-Сухокумск,False,1.0,ok
городской округ город Ставрополь,False,1.0,ok
муниципальный округ Славский,False,1.0,ok
Северо-Байкальский муниципальный район,False,1.0,ok
Олекминский муниципальный район,False,1.0,ok
Каргатский муниципальный район,False,1.0,ok
Парфеньевский муниципальный округ,False,1.0,ok
внутригородская территория города федерального значения город Пушкин,False,1.0,ok
Болотнинский муниципальный район,False,1.0,ok
Бурзянский муниципальный район,False,1.0,ok
внутригородская территория города федерального значения муниципальный округ Большая Охта,False,1.0,ok
городской округ город Выкса,False,1.0,ok
городской округ город Кизел,False,1.0,ok
Ижморский муниципальный округ,False,1.0,ok
городской округ Невьянский,False,1.0,ok
городской округ город Йошкар-Ола,False,1.0,ok
Казанский муниципальный район,False,1.0,ok
Учалинский муниципальный район,False,1.0,ok
городской округ город Камышин,False,1.0,ok
городской округ Мамоновский,False,1.0,ok
Москаленский муниципальный район,False,1.0,ok
муниципальный округ Уинский,False,1.0,ok
Холмогорский муниципальный округ,False,1.0,ok
Дюртюлинский муниципальный район,False,1.0,ok
Кардымовский муниципальный район,False,1.0,ok
Новосергиевский муниципальный район,False,1.0,ok
Асиновский муниципальный район,False,1.0,ok
городской округ Соликамский,False,1.0,ok
городской округ Гаринский,False,1.0,ok
Милославский муниципальный район,False,1.0,ok
муниципальный округ Еловский,False,1.0,ok
внутригородская территория города федерального значения муниципальный округ Купчино,False,1.0,ok
городской округ город Боготол,False,1.0,ok
Пестравский муниципальный район,False,1.0,ok
Перелюбский муниципальный район,False,1.0,ok
внутригородская территория города федерального значения поселение Кленовское,False,1.0,ok
Намский муниципальный район,False,1.0,ok
внутригородская территория города федерального значения муниципальный округ Соколиная гора,False,1.0,ok
Параньгинский муниципальный район,False,1.0,ok
городской округ Арамильский,False,1.0,ok
внутригородская территория города федерального значения муниципальный округ Косино-Ухтомский,False,1.0,ok
внутригородская территория города федерального значения муниципальный округ Лосиноостровский,False,1.0,ok
Атяшевский муниципальный район,False,1.0,ok
Альменевский муниципальный округ,False,1.0,ok
городской округ город Козьмодемьянск,False,1.0,ok
Жирновский муниципальный район,False,1.0,ok
Ершовский муниципальный район,False,1.0,ok
городской округ город Иркутск,False,1.0,ok
Адамовский муниципальный район,False,1.0,ok
Емельяновский муниципальный район,False,1.0,ok
городской округ Беловский,False,1.0,ok
Приютненский муниципальный район,False,1.0,ok
Агаповский муниципальный район,False,1.0,ok
городской округ город Нягань,False,1.0,ok
Александровский муниципальный район,True,3.0,дубль названия у Сбера
внутригородская территория города федерального значения муниципальный округ Юго-Запад,False,1.0,ok
Нефтегорский муниципальный район,False,1.0,ok
Турковский муниципальный район,False,1.0,ok
Каргапольский муниципальный округ,False,1.0,ok
Доволенский муниципальный район,False,1.0,ok
муниципальный округ Лесной,False,1.0,ok
Сортавальский муниципальный район,False,1.0,ok
городской округ Кинель,False,1.0,ok
городской округ Среднеуральск,False,1.0,ok
муниципальный округ Кизнерский район,False,1.0,ok
Рыбинский муниципальный район,True,2.0,дубль названия у Сбера
Старорусский муниципальный район,False,1.0,ok
внутригородская территория города федерального значения муниципальный округ Пресненский,False,1.0,ok
внутригородская территория города федерального значения муниципальный округ Ховрино,False,1.0,ok
Междуреченский муниципальный округ,False,1.0,ok
городской округ Раменский,False,1.0,ok
внутригородская территория города федерального значения муниципальный округ Гавань,False,1.0,ok
Родниковский муниципальный район,False,1.0,ok
Орловский муниципальный район,False,2.0,несколько МО с таким именем
Демидовский муниципальный район,False,1.0,ok
Кормиловский муниципальный район,False,1.0,ok
Советско-Гаванский муниципальный район,False,1.0,ok
городской округ Зима,False,1.0,ok
внутригородская территория города федерального значения поселение Кокошкино,False,1.0,ok
городской округ Староуткинск,False,1.0,ok
городской округ город Шарья,False,1.0,ok
городской округ город Чита,False,1.0,ok
Дергачевский муниципальный район,False,1.0,ok
внутригородская территория города федерального значения муниципальный округ Введенский,False,1.0,ok
городской округ город Шиханы,False,1.0,ok
Жуковский муниципальный район,False,1.0,ok
Череповецкий муниципальный район,False,1.0,ok
Зубово-Полянский муниципальный район,False,1.0,ok
Александрово-Заводский муниципальный округ,False,0.0,нет в справочнике
городской округ Тейково,False,1.0,ok
Богатовский муниципальный район,False,1.0,ok
Егорьевский муниципальный район,False,1.0,ok
внутригородская территория города федерального значения муниципальный округ № 54,False,1.0,ok
Псковский муниципальный район,False,1.0,ok
внутригородская территория города федерального значения муниципальный округ Аэропорт,False,1.0,ok
Оршанский муниципальный район,False,1.0,ok
внутригородская территория города федерального значения муниципальный округ Сокол,False,1.0,ok
городской округ город Новочебоксарск,False,1.0,ok
Салаватский муниципальный район,False,1.0,ok
Нуримановский муниципальный район,False,1.0,ok
городской округ город Владимир,False,1.0,ok
Усть-Абаканский муниципальный район,False,1.0,ok
Чучковский муниципальный район,False,1.0,ok
Нижнеколымский муниципальный район,False,1.0,ok
городской округ Эгвекинот,False,1.0,ok
муниципальный округ Бологовский,False,1.0,ok
Пряжинский муниципальный район,False,1.0,ok
Кирово-Чепецкий муниципальный район,False,1.0,ok
Антроповский муниципальный район,False,1.0,ok
Краснинский муниципальный район,True,2.0,дубль названия у Сбера
Шипуновский муниципальный район,False,1.0,ok
муниципальный округ Шурышкарский район,False,1.0,ok
городской округ Прохладный,False,1.0,ok
Октябрьский муниципальный район,True,10.0,дубль названия у Сбера
внутригородская территория города федерального значения муниципальный округ Ново-Переделкино,False,1.0,ok
Верхневилюйский муниципальный район,False,1.0,ok
городской округ Златоустовский,False,1.0,ok
Первомайский муниципальный район,True,5.0,дубль названия у Сбера
внутригородская территория города федерального значения муниципальный округ Малая Охта,False,1.0,ok
внутригородская территория города федерального значения муниципальный округ Северное Измайлово,False,1.0,ok
Кугарчинский муниципальный район,False,1.0,ok
Тюльганский муниципальный район,False,1.0,ok
Советский муниципальный район,True,8.0,дубль названия у Сбера
городской округ Чехов,False,1.0,ok
городской округ Октябрьск,False,1.0,ok
Стерлибашевский муниципальный район,False,1.0,ok
внутригородская территория города федерального значения муниципальный округ Москворечье-Сабурово,False,1.0,ok
Бабаевский муниципальный округ,False,1.0,ok
Агинский муниципальный район,False,1.0,ok
Нижнеломовский муниципальный район,False,1.0,ok
Называевский муниципальный район,False,1.0,ok
муниципальный округ Сандовский,False,1.0,ok
городской округ Шатура,False,1.0,ok
Ярцевский муниципальный район,False,1.0,ok
городской округ Сосновоборский,False,1.0,ok
городской округ город Стрежевой,False,1.0,ok
Килемарский муниципальный район,False,1.0,ok
городской округ город Стерлитамак,False,1.0,ok
Неверкинский муниципальный район,False,1.0,ok
Шумерлинский муниципальный округ,False,1.0,ok
Александровский муниципальный округ,False,1.0,ok
Колышлейский муниципальный район,False,1.0,ok
Локтевский муниципальный район,False,1.0,ok
городской округ город Орёл,False,1.0,ok
Шебалинский муниципальный район,False,1.0,ok
Шелеховский муниципальный район,False,1.0,ok
Пограничный муниципальный округ,False,1.0,ok
внутригородская территория города федерального значения муниципальный округ Южное Бутово,False,1.0,ok
муниципальный округ Крестецкий,False,1.0,ok
Казачинско-Ленский муниципальный район,False,1.0,ok
Чунский муниципальный район,False,1.0,ok
Газимуро-Заводский муниципальный округ,False,1.0,ok
Терский муниципальный район,True,2.0,дубль названия у Сбера
Дуванский муниципальный район,False,1.0,ok
Улуг-Хемский муниципальный район,False,1.0,ok
городской округ Красноуральск,False,1.0,ok
Амгинский муниципальный район,False,1.0,ok
Варненский муниципальный район,False,1.0,ok
городской округ Артемовский,True,2.0,дубль названия у Сбера
Велижский муниципальный район,False,1.0,ok
Ершичский муниципальный район,False,1.0,ok
Княгининский муниципальный округ,False,1.0,ok
внутригородская территория города федерального значения муниципальный округ Светлановское,False,1.0,ok
Шербакульский муниципальный район,False,1.0,ok
городской округ Лобня,False,1.0,ok
городской округ Коломна,False,1.0,ok
муниципальный округ Андреапольский,False,1.0,ok
внутригородская территория города федерального значения муниципальный округ Южно-Приморский,False,1.0,ok
Шарлыкский муниципальный район,False,1.0,ok
городской округ город Нижний Тагил,False,1.0,ok
Бердюжский муниципальный район,False,1.0,ok
городской округ Лысьвенский,False,1.0,ok
Лухский муниципальный район,False,1.0,ok
Староюрьевский муниципальный округ,False,1.0,ok
Уваровский муниципальный округ,False,1.0,ok
Иркутский муниципальный район,False,1.0,ok
внутригородская территория города федерального значения муниципальный округ Нарвский округ,False,1.0,ok
Ялуторовский муниципальный район,False,1.0,ok
Теньгушевский муниципальный район,False,1.0,ok
Кадыйский муниципальный район,False,1.0,ok
городской округ Владивостокский,False,1.0,ok
Лаишевский муниципальный район,False,1.0,ok
Хайбуллинский муниципальный район,False,1.0,ok
Звениговский муниципальный район,False,1.0,ok
Юстинский муниципальный район,False,1.0,ok
Атюрьевский муниципальный район,False,1.0,ok
Рязанский муниципальный район,False,1.0,ok
Руднянский муниципальный район,True,2.0,дубль названия у Сбера
городской округ Смирныховский,False,1.0,ok
Саянский муниципальный район,False,1.0,ok
Мишкинский муниципальный округ,False,1.0,ok
Солтонский муниципальный район,False,1.0,ok
муниципальный округ Сарапульский район,False,1.0,ok
Анадырский муниципальный район,False,1.0,ok
Урицкий муниципальный район,False,1.0,ok
муниципальный округ город Полярные Зори,False,1.0,ok
городской округ Дзержинский,False,1.0,ok
городской округ город Лермонтов,False,1.0,ok
Мегино-Кангаласский муниципальный район,False,1.0,ok
Галичский муниципальный район,False,1.0,ok
Светлоярский муниципальный район,False,1.0,ok
Кяхтинский муниципальный район,False,1.0,ok
Нижнеомский муниципальный район,False,1.0,ok
Петропавловский муниципальный район,False,2.0,несколько МО с таким именем
внутригородская территория города федерального значения поселок Парголово,False,1.0,ok
Похвистневский муниципальный район,False,1.0,ok
городской округ город Гусь-Хрустальный,False,1.0,ok
муниципальный округ Бельский,False,1.0,ok
Крапивинский муниципальный округ,False,1.0,ok
Аткарский муниципальный район,False,1.0,ok
городской округ город Великие Луки,False,1.0,ok
Романовский муниципальный район,True,2.0,дубль названия у Сбера
муниципальный район Город Краснокаменск и Краснокаменский район,False,1.0,ok
муниципальный округ Гвардейский,False,1.0,ok
Шемуршинский муниципальный округ,False,1.0,ok
Устюженский муниципальный округ,False,1.0,ok
Городищенский муниципальный район,True,2.0,дубль названия у Сбера
Тигильский муниципальный район,False,1.0,ok
Черепановский муниципальный район,False,1.0,ok
Базарно-Карабулакский муниципальный район,False,1.0,ok
городской округ город Адыгейск,False,1.0,ok
городской округ Павловский Посад,False,0.0,нет в справочнике
Краснозерский муниципальный район,False,1.0,ok
Питкярантский муниципальный округ,False,1.0,ok
Харовский муниципальный округ,False,1.0,ok
Сасовский муниципальный округ,False,1.0,ok
городской округ город Мичуринск,False,1.0,ok
Усть-Таркский муниципальный район,False,1.0,ok
городской округ Арсеньевский,False,1.0,ok
Колпашевский муниципальный район,False,1.0,ok
городской округ Красноуфимск,False,1.0,ok
внутригородская территория города федерального значения муниципальный округ Нагатинский затон,False,1.0,ok
Вожегодский муниципальный округ,False,1.0,ok
городской округ Черноголовка,False,1.0,ok
городской округ город Моршанск,False,1.0,ok
Топкинский муниципальный округ,False,1.0,ok
городской округ город Волгореченск,False,1.0,ok
Гатчинский муниципальный район,False,1.0,ok
Починковский муниципальный округ,False,1.0,ok
городской округ Янтарный,False,1.0,ok
городской округ город Ливны,False,1.0,ok
Балтайский муниципальный район,False,1.0,ok
внутригородская территория города федерального значения муниципальный округ Бирюлево Западное,False,1.0,ok
городской округ Можайский,False,1.0,ok
городской округ Сорочинский,False,1.0,ok
внутригородская территория города федерального значения муниципальный округ Лиговка-Ямская,False,1.0,ok
Княжпогостский муниципальный район,False,1.0,ok
городской округ Калтанский,False,1.0,ok
городской округ город Ачинск,False,1.0,ok
Лысогорский муниципальный район,False,1.0,ok
Ижемский муниципальный район,False,1.0,ok
городской округ город Барнаул,False,1.0,ok
городской округ поселок Агинское,False,1.0,ok
Томский муниципальный район,False,1.0,ok
Гагаринский муниципальный район,False,1.0,ok
внутригородская территория города федерального значения муниципальный округ Юнтолово,False,1.0,ok
Нехаевский муниципальный район,False,1.0,ok
Задонский муниципальный район,False,1.0,ok
Шаранский муниципальный район,False,1.0,ok
городской округ Ленинский,False,1.0,ok
городской округ Ревда,False,1.0,ok
Большечерниговский муниципальный район,False,1.0,ok
Каслинский муниципальный район,False,1.0,ok
городской округ город Зея,False,1.0,ok
Удорский муниципальный район,False,1.0,ok
Тейковский муниципальный район,False,1.0,ok
Пенжинский муниципальный район,False,1.0,ok
Сычевский муниципальный район,False,1.0,ok
Шадринский муниципальный округ,False,1.0,ok
муниципальный округ Увинский район,False,1.0,ok
внутригородская территория города федерального значения поселение Сосенское,False,1.0,ok
внутригородская территория города федерального значения муниципальный округ Куркино,False,1.0,ok
Вольский муниципальный район,False,1.0,ok
Шовгеновский муниципальный район,False,1.0,ok
городской округ Электросталь,False,1.0,ok
городской округ город Набережные Челны,False,1.0,ok
Красноярский муниципальный район,True,2.0,дубль названия у Сбера
Усть-Цилемский муниципальный район,False,1.0,ok
Хабезский муниципальный район,False,1.0,ok
внутригородская территория города федерального значения муниципальный округ Измайлово,False,1.0,ok
внутригородская территория города федерального значения поселение Михайлово-Ярцевское,False,1.0,ok
Кольский муниципальный район,False,1.0,ok
Ельцовский муниципальный район,False,1.0,ok
Слюдянский муниципальный район,False,1.0,ok
внутригородская территория города федерального значения муниципальный округ Алексеевский,False,1.0,ok
муниципальный округ Малопургинский район,False,1.0,ok
городской округ Большой Камень,False,1.0,ok
Волжский муниципальный район,True,2.0,дубль названия у Сбера
Красногвардейский муниципальный район,True,4.0,дубль названия у Сбера
Мухоршибирский муниципальный район,False,1.0,ok
Нововаршавский муниципальный район,False,1.0,ok
городской округ Первоуральск,False,1.0,ok
Краснотуранский муниципальный район,False,1.0,ok
внутригородская территория города федерального значения муниципальный округ Коломна,False,1.0,ok
городской округ город Ефремов,False,1.0,ok
внутригородская территория города федерального значения муниципальный округ Солнцево,False,1.0,ok
внутригородская территория города федерального значения муниципальный округ Некрасовка,False,1.0,ok
Боготольский муниципальный район,False,1.0,ok
Павинский муниципальный округ,False,1.0,ok
Иссинский муниципальный район,False,1.0,ok
Чебаркульский муниципальный район,False,1.0,ok
городской округ Бисертский,False,1.0,ok
Борзинский муниципальный район,False,1.0,ok
внутригородская территория города федерального значения город Ломоносов,False,1.0,ok
Белинский муниципальный район,False,1.0,ok
Ичалковский муниципальный район,False,1.0,ok
Высокогорский муниципальный район,False,1.0,ok
городской округ город Ярославль,False,1.0,ok
муниципальный округ Сусуманский,False,1.0,ok
городской округ поселок Михайловский,False,1.0,ok
муниципальный округ Чарышский район,False,1.0,ok
внутригородская территория города федерального значения поселок Петро-Славянка,False,1.0,ok
Верхоянский муниципальный район,False,1.0,ok
внутригородская территория города федерального значения муниципальный округ Лианозово,False,1.0,ok
Заволжский муниципальный район,False,1.0,ok
Ребрихинский муниципальный район,False,1.0,ok
Жиганский муниципальный район,False,1.0,ok
муниципальный округ Демянский,False,1.0,ok
Корткеросский муниципальный район,False,1.0,ok
городской округ Новокуйбышевск,False,1.0,ok
Туруханский муниципальный район,False,1.0,ok
городской округ Карачаевский,False,1.0,ok
городской округ Малышевский,False,1.0,ok
городской округ город Новомосковск,False,1.0,ok
Лиманский муниципальный район,False,1.0,ok
Селенгинский муниципальный район,False,1.0,ok
городской округ город Саянск,False,1.0,ok
городской округ Красногорск,False,1.0,ok
городской округ город Ирбит,False,1.0,ok
муниципальный округ Воткинский район,False,1.0,ok
городской округ Ирбитское,False,1.0,ok
Кировский муниципальный округ,False,1.0,ok
городской округ город Алексин,False,1.0,ok
Балейский муниципальный район,False,1.0,ok
Балтачевский муниципальный район,False,1.0,ok
Калтасинский муниципальный район,False,1.0,ok
Куйтунский муниципальный район,False,1.0,ok
городской округ Южноуральский,False,1.0,ok
Урванский муниципальный район,False,1.0,ok
городской округ Добрянский,False,1.0,ok
городской округ Макаровский,False,1.0,ok
городской округ Южно-Курильский,False,1.0,ok
Кулундинский муниципальный район,False,1.0,ok
городской округ Сокольский,False,1.0,ok
Кировский муниципальный район,True,5.0,дубль названия у Сбера
Суздальский муниципальный район,False,1.0,ok
городской округ Луховицы,False,1.0,ok
внутригородская территория города федерального значения муниципальный округ Хорошево-Мневники,False,1.0,ok
Абзелиловский муниципальный район,False,1.0,ok
Заринский муниципальный район,False,1.0,ok
Рассказовский муниципальный округ,False,1.0,ok
городской округ Волчанский,False,1.0,ok
муниципальный округ Красногородский,False,1.0,ok
городской округ город Ханты-Мансийск,False,1.0,ok
городской округ город Шимановск,False,1.0,ok
Магдагачинский муниципальный район,False,1.0,ok
Харабалинский муниципальный район,False,1.0,ok
городской округ Серпухов,False,1.0,ok
Пономарёвский муниципальный район,False,1.0,ok
Нерчинский муниципальный район,False,1.0,ok
Пучежский муниципальный район,False,1.0,ok
Даровской муниципальный район,False,1.0,ok
Таборинский муниципальный район,False,1.0,ok
Алейский муниципальный район,False,1.0,ok
городской округ город Глазов,False,1.0,ok
внутригородская территория города федерального значения муниципальный округ Посадский,False,1.0,ok
внутригородская территория города федерального значения муниципальный округ Академическое,False,1.0,ok
Ононский муниципальный округ,False,1.0,ok
городской округ Корсаковский,False,1.0,ok
Одесский муниципальный район,False,1.0,ok
Степновский муниципальный округ,False,1.0,ok
городской округ город Лесосибирск,False,1.0,ok
Межевской муниципальный округ,False,1.0,ok
Шпаковский муниципальный округ,False,1.0,ok
Новомалыклинский муниципальный район,False,1.0,ok
городской округ город Волжский,False,1.0,ok
муниципальный округ город Мончегорск,False,1.0,ok
городской округ город Обь,False,1.0,ok
Юргамышский муниципальный округ,False,1.0,ok
внутригородская территория города федерального значения поселок Левашово,False,1.0,ok
внутригородская территория города федерального значения муниципальный округ Урицк,False,1.0,ok
городской округ Углегорский,False,1.0,ok
Комсомольский муниципальный район,True,2.0,дубль названия у Сбера
Купинский муниципальный район,False,1.0,ok
городской округ Химки,False,1.0,ok
Новосильский муниципальный район,False,1.0,ok
городской округ город Нефтеюганск,False,1.0,ok
городской округ округ Муром,False,1.0,ok
внутригородская территория города федерального значения поселок Песочный,False,1.0,ok
Верхошижемский муниципальный район,False,1.0,ok
Зырянский муниципальный район,False,1.0,ok
Боградский муниципальный район,False,1.0,ok
Кадомский муниципальный район,False,1.0,ok
Бежаницкий муниципальный район,False,1.0,ok
Ленинский муниципальный район,True,3.0,дубль названия у Сбера
городской округ город Кострома,False,1.0,ok
Ярославский муниципальный район,False,1.0,ok
Кинешемский муниципальный район,False,1.0,ok
Воловский муниципальный район,True,2.0,дубль названия у Сбера
внутригородская территория города федерального значения поселок Шушары,False,1.0,ok
Некоузский муниципальный район,False,1.0,ok
Малосердобинский муниципальный район,False,1.0,ok
Любимский муниципальный район,False,1.0,ok
Брейтовский муниципальный район,False,1.0,ok
Шарыповский муниципальный округ,False,1.0,ok
Яйский муниципальный округ,False,1.0,ok
Веневский муниципальный район,False,1.0,ok
городской округ город Невинномысск,False,1.0,ok
Ленинск-Кузнецкий муниципальный округ,False,1.0,ok
городской округ город Сосновоборск,False,1.0,ok
Горномарийский муниципальный район,False,1.0,ok
внутригородская территория города федерального значения муниципальный округ № 65,False,1.0,ok
Медынский муниципальный район,False,1.0,ok
муниципальный округ Куединский,False,1.0,ok
Белорецкий муниципальный район,False,1.0,ok
Пачелмский муниципальный район,False,1.0,ok
внутригородская территория города федерального значения муниципальный округ Новогиреево,False,1.0,ok
Вадский муниципальный округ,False,1.0,ok
Большеулуйский муниципальный район,False,1.0,ok
внутригородская территория города федерального значения муниципальный округ Зюзино,False,1.0,ok
Шигонский муниципальный район,False,1.0,ok
Плавский муниципальный район,False,1.0,ok
Брединский муниципальный район,False,1.0,ok
внутригородская территория города федерального значения поселок Металлострой,False,1.0,ok
Алькеевский муниципальный район,False,1.0,ok
Тайшетский муниципальный район,False,1.0,ok
городской округ город Алейск,False,1.0,ok
Черноярский муниципальный район,False,1.0,ok
Партизанский муниципальный район,False,1.0,ok
внутригородская территория города федерального значения поселок Стрельна,False,1.0,ok
Чагодощенский муниципальный округ,False,1.0,ok
городской округ Верхний Тагил,False,1.0,ok
внутригородская территория города федерального значения муниципальный округ Ломоносовский,False,1.0,ok
городской округ Тугулымский,False,1.0,ok
Богородский муниципальный округ,False,1.0,ok
внутригородская территория города федерального значения муниципальный округ Нагатино-Садовники,False,1.0,ok
городской округ Дегтярск,False,1.0,ok
городской округ город Норильск,False,1.0,ok
городской округ Юргинский,False,1.0,ok
внутригородская территория города федерального значения муниципальный округ Печатники,False,1.0,ok
Кетовский муниципальный округ,False,1.0,ok
Олюторский муниципальный район,False,1.0,ok
Залегощенский муниципальный район,False,1.0,ok
Городецкий муниципальный округ,False,1.0,ok
Старожиловский муниципальный район,False,1.0,ok
внутригородская территория города федерального значения муниципальный округ Обуховский,False,1.0,ok
Енисейский муниципальный район,False,1.0,ok
Бондарский муниципальный округ,False,1.0,ok
Хабарский муниципальный район,False,1.0,ok
муниципальный округ Спировский,False,1.0,ok
Янаульский муниципальный район,False,1.0,ok
городской округ город Ишим,False,1.0,ok
городской округ Верхняя Тура,False,1.0,ok
Тогульский муниципальный район,False,1.0,ok
Георгиевский муниципальный округ,False,1.0,ok
Дрожжановский муниципальный район,False,1.0,ok
городской округ Воскресенск,False,1.0,ok
Чаинский муниципальный район,False,1.0,ok
Дзун-Хемчикский муниципальный район,False,1.0,ok
Кигинский муниципальный район,False,1.0,ok
внутригородская территория города федерального значения муниципальный округ Лахта-Ольгино,False,1.0,ok
Знаменский муниципальный район,True,2.0,дубль названия у Сбера
муниципальный округ Фаленский,False,1.0,ok
городской округ Жигулевск,False,1.0,ok
городской округ город Белокуриха,False,1.0,ok
Виноградовский муниципальный округ,False,1.0,ok
Изобильненский муниципальный округ,False,1.0,ok
Будённовский муниципальный округ,False,1.0,ok
Тосненский муниципальный район,False,1.0,ok
Кандалакшский муниципальный район,False,1.0,ok
городской округ Шуя,False,1.0,ok
Бакалинский муниципальный район,False,1.0,ok
Куйбышевский муниципальный район,True,3.0,дубль названия у Сбера
Ковровский муниципальный район,False,1.0,ok
Бижбулякский муниципальный район,False,1.0,ok
городской округ Асбестовский,False,1.0,ok
городской округ город Тобольск,False,1.0,ok
городской округ Нижнетуринский,False,1.0,ok
Большемурашкинский муниципальный округ,False,1.0,ok
Уфимский муниципальный район,False,1.0,ok
Марксовский муниципальный район,False,1.0,ok
Русско-Полянский муниципальный район,False,1.0,ok
внутригородская территория города федерального значения муниципальный округ Семеновский,False,1.0,ok
Колпнянский муниципальный район,False,1.0,ok
Полтавский муниципальный район,False,1.0,ok
городской округ город Ялуторовск,False,1.0,ok
Хворостянский муниципальный район,False,1.0,ok
городской округ Пелым,False,1.0,ok
Старокулаткинский муниципальный район,False,1.0,ok
городской округ город Шумерля,False,1.0,ok
Эльбрусский муниципальный район,False,1.0,ok
Ермекеевский муниципальный район,False,1.0,ok
Окуловский муниципальный район,False,1.0,ok
Тамбовский муниципальный округ,True,2.0,дубль названия у Сбера
внутригородская территория города федерального значения поселение Внуковское,False,1.0,ok
Ферзиковский муниципальный район,False,1.0,ok
городской округ Шаховская,False,1.0,ok
Марьяновский муниципальный район,False,1.0,ok
внутригородская территория города федерального значения муниципальный округ Тверской,False,1.0,ok
Спасский муниципальный округ,False,1.0,ok
внутригородская территория города федерального значения муниципальный округ Донской,False,1.0,ok
Сланцевский муниципальный район,False,1.0,ok
городской округ Подольск,False,1.0,ok
городской округ город Бийск,False,1.0,ok
городской округ город Оренбург,False,1.0,ok
городской округ город Майкоп,False,1.0,ok
Кош-Агачский муниципальный район,False,1.0,ok
городской округ город Скопин,False,1.0,ok
Оконешниковский муниципальный район,False,1.0,ok
внутригородская территория города федерального значения муниципальный округ Восточное Измайлово,False,1.0,ok
Клявлинский муниципальный район,False,1.0,ok
Заинский муниципальный район,False,1.0,ok
Ставропольский муниципальный район,False,1.0,ok
муниципальный округ Киясовский район,False,1.0,ok
муниципальный округ Балезинский район,False,1.0,ok
Инсарский муниципальный район,False,1.0,ok
Думиничский муниципальный район,False,1.0,ok
Балтасинский муниципальный район,False,1.0,ok
Сапожковский муниципальный район,False,1.0,ok
городской округ город Омск,False,1.0,ok
муниципальный округ Правдинский,False,1.0,ok
Шиловский муниципальный район,False,1.0,ok
городской округ город Новый Уренгой,False,1.0,ok
муниципальный округ Кудымкарский,False,1.0,ok
Серафимовичский муниципальный район,False,1.0,ok
Колыванский муниципальный район,False,1.0,ok
Борисоглебский муниципальный район,False,1.0,ok
Монгун-Тайгинский муниципальный район,False,1.0,ok
внутригородская территория города федерального значения муниципальный округ Марфино,False,1.0,ok
внутригородская территория города федерального значения муниципальный округ Аптекарский остров,False,1.0,ok
муниципальный округ Невельский,False,1.0,ok
Тоншаевский муниципальный округ,False,1.0,ok
Кобяйский муниципальный район,False,1.0,ok
городской округ Пушкинский,False,1.0,ok
Павловский муниципальный округ,False,1.0,ok
городской округ город Якутск,False,1.0,ok
внутригородская территория города федерального значения муниципальный округ Войковский,False,1.0,ok
муниципальный округ Приуральский район,False,1.0,ok
городской округ Пущино,False,1.0,ok
Тукаевский муниципальный район,False,1.0,ok
внутригородская территория города федерального значения муниципальный округ Гагаринское,False,1.0,ok
Петуховский муниципальный округ,False,1.0,ok
городской округ город Нарьян-Мар,False,1.0,ok
Правобережный муниципальный район,False,1.0,ok
городской округ Очерский,False,1.0,ok
городской округ город Каменск-Уральский,False,1.0,ok
внутригородская территория города федерального значения муниципальный округ Капотня,False,1.0,ok
городской округ город Черногорск,False,1.0,ok
городской округ город Когалым,False,1.0,ok
Пильнинский муниципальный округ,False,1.0,ok
муниципальный округ Хвойнинский,False,1.0,ok
Чулымский муниципальный район,False,1.0,ok
городской округ город Буйнакск,False,1.0,ok
городской округ город Касимов,False,1.0,ok
городской округ город Красноярск,False,1.0,ok
Николаевский муниципальный район,True,3.0,дубль названия у Сбера
муниципальный район имени Полины Осипенко,False,1.0,ok
Алтайский муниципальный район,True,2.0,дубль названия у Сбера
Тунгокоченский муниципальный округ,False,0.0,нет в справочнике
Вилюйский муниципальный район,False,1.0,ok
муниципальный округ Лузский,False,1.0,ok
Грязовецкий муниципальный округ,False,1.0,ok
Майкопский муниципальный район,False,1.0,ok
Зуевский муниципальный район,False,1.0,ok
городской округ город Агидель,False,1.0,ok
Целинный муниципальный район,True,2.0,дубль названия у Сбера
муниципальный округ Среднеканский,False,1.0,ok
Ветлужский муниципальный округ,False,1.0,ok
Петровск-Забайкальский муниципальный район,False,1.0,ok
Ливенский муниципальный район,False,1.0,ok
Балахнинский муниципальный округ,False,1.0,ok
Дновский муниципальный район,False,1.0,ok
городской округ Оханский,False,1.0,ok
Подосиновский муниципальный район,False,1.0,ok
Ельниковский муниципальный район,False,1.0,ok
внутригородская территория города федерального значения муниципальный округ Мещанский,False,1.0,ok
городской округ город Заринск,False,1.0,ok
Волосовский муниципальный район,False,1.0,ok
муниципальный округ Шумихинский,False,1.0,ok
Ростовский муниципальный район,False,1.0,ok
Боханский муниципальный район,False,1.0,ok
городской округ город Рассказово,False,1.0,ok
Кушнаренковский муниципальный район,False,1.0,ok
городской округ Провиденский,False,1.0,ok
Поназыревский муниципальный округ,False,1.0,ok
Ташлинский муниципальный район,False,1.0,ok
Новолакский муниципальный район,False,1.0,ok
городской округ Красноуфимский округ,False,1.0,ok
городской округ Нальчик,False,1.0,ok
Эвено-Бытантайский национальный муниципальный район,False,1.0,ok
Шабалинский муниципальный район,False,1.0,ok
Лунинский муниципальный район,False,1.0,ok
городской округ город Курган,False,1.0,ok
Сармановский муниципальный район,False,1.0,ok
Котельничский муниципальный район,False,1.0,ok
Барятинский муниципальный район,False,1.0,ok
Курский муниципальный округ,False,1.0,ok
городской округ город Березники,False,1.0,ok
городской округ город Бузулук,False,1.0,ok
городской округ город-курорт Кисловодск,False,1.0,ok
Нижневартовский муниципальный район,False,1.0,ok
городской округ город Бор,False,1.0,ok
Сурский муниципальный район,False,1.0,ok
Приморский муниципальный округ,False,1.0,ok
Ванинский муниципальный район,False,1.0,ok
муниципальный округ Кувшиновский,False,1.0,ok
Мезенский муниципальный округ,False,1.0,ok
городской округ Рузский,False,1.0,ok
Куркинский муниципальный район,False,1.0,ok
внутригородская территория города федерального значения муниципальный округ Чертаново Южное,False,1.0,ok
муниципальный округ Дебёсский район,False,1.0,ok
Кизильский муниципальный район,False,1.0,ok
городской округ Артинский,False,1.0,ok
внутригородская территория города федерального значения поселение Десеновское,False,1.0,ok
городской округ город Тула,False,1.0,ok
Котласский муниципальный округ,False,1.0,ok
городской округ Наро-Фоминский,False,1.0,ok
городской округ Карпинск,False,1.0,ok
городской округ Чернушинский,False,1.0,ok
Еравнинский муниципальный район,False,1.0,ok
внутригородская территория города федерального значения муниципальный округ Марьина роща,False,1.0,ok
муниципальный округ Унинский,False,1.0,ok
Каа-Хемский муниципальный район,False,1.0,ok
Чесменский муниципальный район,False,1.0,ok
муниципальный округ Орловский,False,1.0,ok
городской округ город Псков,False,1.0,ok
Башмаковский муниципальный район,False,1.0,ok
городской округ Кохма,False,1.0,ok
Ибресинский муниципальный округ,False,1.0,ok
Икрянинский муниципальный район,False,1.0,ok
Нерюнгринский муниципальный район,False,1.0,ok
внутригородская территория города федерального значения муниципальный округ Сергиевское,False,1.0,ok
муниципальный район Печора,False,1.0,ok
Бугульминский муниципальный район,False,1.0,ok
Белозерский муниципальный округ,True,2.0,дубль названия у Сбера
Чернышковский муниципальный район,False,1.0,ok
муниципальный округ Ольский,False,1.0,ok
Быковский муниципальный район,False,1.0,ok
Знаменский муниципальный округ,False,1.0,ok
городской округ город Слободской,False,1.0,ok
Миякинский муниципальный район,False,1.0,ok
Красноармейский муниципальный округ,True,2.0,дубль названия у Сбера
Петровский муниципальный округ,True,2.0,дубль названия у Сбера
городской округ Полевской,False,1.0,ok
внутригородская территория города федерального значения муниципальный округ Южное Тушино,False,1.0,ok
Вохомский муниципальный район,False,1.0,ok
Лахденпохский муниципальный район,False,1.0,ok
Киренский муниципальный район,False,1.0,ok
Усть-Пристанский муниципальный район,False,1.0,ok
Кадуйский муниципальный округ,False,1.0,ok
городской округ город Астрахань,False,1.0,ok
Кавалеровский муниципальный округ,False,1.0,ok
городской округ Чайковский,False,1.0,ok
Эхирит-Булагатский муниципальный район,False,1.0,ok
Немецкий национальный муниципальный район,False,1.0,ok
городской округ город Котельнич,False,1.0,ok
городской округ Балашиха,False,1.0,ok
Покровский муниципальный район,False,1.0,ok
Бурейский муниципальный округ,False,1.0,ok
Людиновский муниципальный район,False,1.0,ok
городской округ Поронайский,False,1.0,ok
Бирилюсский муниципальный район,False,1.0,ok
внутригородская территория города федерального значения поселение Воскресенское,False,1.0,ok
Сараевский муниципальный район,False,1.0,ok
Бабушкинский муниципальный округ,False,1.0,ok
Чаплыгинский муниципальный район,False,1.0,ok
городской округ город Можга,False,1.0,ok
Усть-Камчатский муниципальный район,False,1.0,ok
Федоровский муниципальный район,True,2.0,дубль названия у Сбера
городской округ город Радужный,False,1.0,ok
городской округ Махнёвское,False,1.0,ok
Седельниковский муниципальный район,False,1.0,ok
городской округ Ангарский,False,1.0,ok
Черноземельский муниципальный район,False,1.0,ok
Костромской муниципальный район,False,1.0,ok
Шатровский муниципальный округ,False,1.0,ok
Саргатский муниципальный район,False,1.0,ok
городской округ город Обнинск,False,1.0,ok
Тулунский муниципальный район,False,1.0,ok
Андроповский муниципальный округ,False,1.0,ok
Бирский муниципальный район,False,1.0,ok
Мамонтовский муниципальный район,False,1.0,ok
Дубовский муниципальный район,False,2.0,несколько МО с таким именем
Вятскополянский муниципальный район,False,1.0,ok
муниципальный округ Большесосновский,False,1.0,ok
Лазовский муниципальный округ,False,1.0,ok
муниципальный округ Красногорский район,False,1.0,ok
внутригородская территория города федерального значения муниципальный округ Замоскворечье,False,1.0,ok
Вознесенский муниципальный округ,False,1.0,ok
Лаганский муниципальный район,False,1.0,ok
внутригородская территория города федерального значения муниципальный округ Академический,False,1.0,ok
муниципальный округ Бардымский,False,1.0,ok
городской округ Кинешма,False,1.0,ok
городской округ Пионерский,False,1.0,ok
Яшкинский муниципальный округ,False,1.0,ok
Адыге-Хабльский муниципальный район,False,1.0,ok
Курумканский муниципальный район,False,1.0,ok
Усть-Янский муниципальный район,False,1.0,ok
Чернский муниципальный район,False,1.0,ok
городской округ Осинский,False,1.0,ok
Козульский муниципальный район,False,1.0,ok
Карымский муниципальный район,False,1.0,ok
Змеиногорский муниципальный район,False,1.0,ok
Гороховецкий муниципальный район,False,1.0,ok
внутригородская территория города федерального значения муниципальный округ Котловка,False,1.0,ok
Кытмановский муниципальный район,False,1.0,ok
Смоленский муниципальный район,True,2.0,дубль названия у Сбера
Аркадакский муниципальный район,False,1.0,ok
Асекеевский муниципальный район,False,1.0,ok
Дедовичский муниципальный район,False,1.0,ok
Кривошеинский муниципальный район,False,1.0,ok
городской округ город Михайловка,False,1.0,ok
городской округ город Десногорск,False,1.0,ok
внутригородская территория города федерального значения муниципальный округ Бутырский,False,1.0,ok
Хилокский муниципальный район,False,1.0,ok
Кимовский муниципальный район,False,1.0,ok
Большемуртинский муниципальный район,False,1.0,ok
Хабаровский муниципальный район,False,1.0,ok
Слободо-Туринский муниципальный район,False,1.0,ok
внутригородская территория города федерального значения муниципальный округ Сенной округ,False,1.0,ok
Татышлинский муниципальный район,False,1.0,ok
городской округ город Рыбинск,False,1.0,ok
внутригородская территория города федерального значения муниципальный округ Литейный округ,False,1.0,ok
городской округ город Магадан,False,1.0,ok
Путятинский муниципальный округ,False,1.0,ok
муниципальный округ Калязинский,False,1.0,ok
городской округ город Первомайск,False,1.0,ok
Малодербетовский муниципальный район,False,1.0,ok
городской округ Мытищи,False,1.0,ok
Вологодский муниципальный округ,False,1.0,ok
городской округ город Уварово,False,1.0,ok
городской округ Вышневолоцкий,False,1.0,ok
Бокситогорский муниципальный район,False,1.0,ok
внутригородская территория города федерального значения муниципальный округ Ивановский,False,1.0,ok
городской округ Певек,False,1.0,ok
Краснослободский муниципальный район,False,1.0,ok
муниципальный район Сосногорск,False,1.0,ok
муниципальный округ Богородский,False,1.0,ok
Ермишинский муниципальный район,False,1.0,ok
Шилкинский муниципальный район,False,1.0,ok
Коношский муниципальный район,False,1.0,ok
Билибинский муниципальный район,False,1.0,ok
Касимовский муниципальный район,False,1.0,ok
внутригородская территория города федерального значения поселение Вороновское,False,1.0,ok
Ардатовский муниципальный округ,False,1.0,ok
городской округ Щёлково,False,1.0,ok
городской округ Талдомский,False,1.0,ok
Краснозоренский муниципальный район,False,1.0,ok
Жигаловский муниципальный район,False,1.0,ok
городской округ город Рубцовск,False,1.0,ok
городской округ Ачитский,False,1.0,ok
внутригородская территория города федерального значения муниципальный округ Сампсониевское,False,1.0,ok
Мари-Турекский муниципальный район,False,1.0,ok
городской округ Отрадный,False,1.0,ok
Киришский муниципальный район,False,1.0,ok
внутригородская территория города федерального значения муниципальный округ Обручевский,False,1.0,ok
городской округ Туринский,False,1.0,ok
Новошешминский муниципальный район,False,1.0,ok
городской округ Новокузнецкий,False,1.0,ok
городской округ Саранск,False,1.0,ok
Бабаюртовский муниципальный район,False,1.0,ok
Сорокинский муниципальный район,False,1.0,ok
Промышленновский муниципальный округ,False,1.0,ok
Гусь-Хрустальный муниципальный район,False,1.0,ok
Труновский муниципальный округ,False,1.0,ok
внутригородская территория города федерального значения муниципальный округ Оккервиль,False,1.0,ok
городской округ Карабашский,False,1.0,ok
Увельский муниципальный район,False,1.0,ok
городской округ Шалинский,False,1.0,ok
внутригородская территория города федерального значения муниципальный округ Проспект Вернадского,False,1.0,ok
Тандинский муниципальный район,False,1.0,ok
внутригородская территория города федерального значения муниципальный округ Бирюлево Восточное,False,1.0,ok
городской округ Павлово-Посадский,False,1.0,ok
Чурапчинский муниципальный район,False,1.0,ok
городской округ Лесозаводский,False,1.0,ok
внутригородская территория города федерального значения муниципальный округ Ивановское,False,1.0,ok
городской округ Кыштымский,False,1.0,ok
Сернурский муниципальный район,False,1.0,ok
Жиздринский муниципальный район,False,1.0,ok
Хоринский муниципальный район,False,1.0,ok
внутригородская территория города федерального значения муниципальный округ Щукино,False,1.0,ok
Спасский муниципальный район,True,4.0,дубль названия у Сбера
Холм-Жирковский муниципальный район,False,1.0,ok
городской округ город-курорт Ессентуки,False,1.0,ok
городской округ город Абаза,False,1.0,ok
Бессоновский муниципальный район,False,1.0,ok
внутригородская территория города федерального значения муниципальный округ Коломяги,False,1.0,ok
муниципальный округ Марёвский,False,1.0,ok
Новоалександровский муниципальный округ,False,1.0,ok
Добринский муниципальный район,False,1.0,ok
Тюменцевский муниципальный район,False,1.0,ok
Тереньгульский муниципальный район,False,1.0,ok
городской округ Суксунский,False,1.0,ok
городской округ Режевской,False,1.0,ok
внутригородская территория города федерального значения муниципальный округ Алтуфьевский,False,1.0,ok
внутригородская территория города федерального значения муниципальный округ Пискаревка,False,1.0,ok
Вытегорский муниципальный район,False,1.0,ok
Богородицкий муниципальный район,False,1.0,ok
Дивеевский муниципальный округ,False,1.0,ok
городской округ город Чебоксары,False,1.0,ok
Сокольский муниципальный округ,False,1.0,ok
внутригородская территория города федерального значения муниципальный округ Тропарево-Никулино,False,1.0,ok
городской округ Нытвенский,False,1.0,ok
городской округ город Кирово-Чепецк,False,1.0,ok
Верхнеуслонский муниципальный район,False,1.0,ok
внутригородская территория города федерального значения муниципальный округ Северное Тушино,False,1.0,ok
внутригородская территория города федерального значения поселение Щаповское,False,1.0,ok
Гафурийский муниципальный район,False,1.0,ok
Усть-Коксинский муниципальный район,False,1.0,ok
Комсомольский муниципальный округ,False,1.0,ok
городской округ Уссурийский,False,1.0,ok
Бабынинский муниципальный район,False,1.0,ok
Абыйский муниципальный район,False,1.0,ok
Пластовский муниципальный район,False,1.0,ok
Батыревский муниципальный округ,False,1.0,ok
Забайкальский муниципальный район,False,1.0,ok
Медведевский муниципальный район,False,1.0,ok
муниципальный округ Торопецкий,False,1.0,ok
Павлоградский муниципальный район,False,1.0,ok
муниципальный округ Губахинский,False,1.0,ok
городской округ Горнозаводский,False,1.0,ok
внутригородская территория города федерального значения муниципальный округ Коньково,False,1.0,ok
городской округ Рефтинский,False,1.0,ok
городской округ город Ульяновск,False,1.0,ok
Усвятский муниципальный район,False,1.0,ok
Нейский муниципальный округ,False,1.0,ok
Лямбирский муниципальный район,False,1.0,ok
внутригородская территория города федерального значения муниципальный округ Преображенское,False,1.0,ok
Благовещенский муниципальный район,True,2.0,дубль названия у Сбера
Муйский муниципальный район,False,1.0,ok
внутригородская территория города федерального значения муниципальный округ Басманный,False,1.0,ok
Боровичский муниципальный район,False,1.0,ok
городской округ Воротынский,False,1.0,ok
внутригородская территория города федерального значения муниципальный округ Васильевский,False,1.0,ok
Баевский муниципальный район,False,1.0,ok
Кошехабльский муниципальный район,False,1.0,ok
Кумылженский муниципальный район,False,1.0,ok
внутригородская территория города федерального значения муниципальный округ Братеево,False,1.0,ok
Сладковский муниципальный район,False,1.0,ok
Вагайский муниципальный район,False,1.0,ok
Сузунский муниципальный район,False,1.0,ok
внутригородская территория города федерального значения город Красное Село,False,1.0,ok
Духовницкий муниципальный район,False,1.0,ok
городской округ город Сасово,False,0.0,нет в справочнике
Уярский муниципальный район,False,1.0,ok
Порховский муниципальный район,False,1.0,ok
Ильинский муниципальный район,False,1.0,ok
внутригородская территория города федерального значения муниципальный округ Бибирево,False,1.0,ok
Шегарский муниципальный район,False,1.0,ok
Беляевский муниципальный район,False,1.0,ok
Пензенский муниципальный район,False,1.0,ok
Ельнинский муниципальный район,False,1.0,ok
Верхнекетский муниципальный район,False,1.0,ok
городской округ город Кизляр,False,1.0,ok
муниципальный округ Жарковский,False,1.0,ok
муниципальный округ Лихославльский,False,1.0,ok
Светлинский муниципальный район,False,1.0,ok
Еткульский муниципальный район,False,1.0,ok
Белебеевский муниципальный район,False,1.0,ok
Муслюмовский муниципальный район,False,1.0,ok
Лужский муниципальный район,False,1.0,ok
муниципальный округ Омсукчанский,False,1.0,ok
Кабанский муниципальный район,False,1.0,ok
городской округ город Тулун,False,1.0,ok
муниципальный округ Полесский,False,1.0,ok
городской округ Нелидовский,False,1.0,ok
Пугачевский муниципальный район,False,1.0,ok
городской округ Тольятти,False,1.0,ok
Камско-Устьинский муниципальный район,False,1.0,ok
Усть-Куломский муниципальный район,False,1.0,ok
Бековский муниципальный район,False,1.0,ok
Уренский муниципальный округ,False,1.0,ok
муниципальный округ Тенькинский,False,1.0,ok
Малоярославецкий муниципальный район,False,1.0,ok
городской округ Чусовской,False,1.0,ok
городской округ город Усолье-Сибирское,False,1.0,ok
внутригородская территория города федерального значения муниципальный округ № 78,False,1.0,ok
городской округ город Райчихинск,False,1.0,ok
Шенкурский муниципальный округ,False,1.0,ok
Каларский муниципальный округ,False,1.0,ok
Нижнекамский муниципальный район,False,1.0,ok
Минераловодский муниципальный округ,False,1.0,ok
внутригородская территория города федерального значения муниципальный округ Орехово-Борисово Южное,False,1.0,ok
городской округ Новолялинский,False,1.0,ok
Самойловский муниципальный район,False,1.0,ok
Заларинский муниципальный район,False,1.0,ok
Усть-Вымский муниципальный район,False,1.0,ok
Благоварский муниципальный район,False,1.0,ok
Вурнарский муниципальный округ,False,1.0,ok
Буйский муниципальный район,False,1.0,ok
Любытинский муниципальный район,False,1.0,ok
городской округ город Липецк,False,1.0,ok
Буздякский муниципальный район,False,1.0,ok
городской округ Полысаевский,False,1.0,ok
Белогорский муниципальный округ,False,1.0,ok
Выборгский муниципальный район,False,1.0,ok
Северный муниципальный район,True,2.0,дубль названия у Сбера
Цивильский муниципальный округ,False,1.0,ok
Черниговский муниципальный округ,False,1.0,ok
Бакчарский муниципальный район,False,1.0,ok
городской округ Сергиево-Посадский,False,1.0,ok
Юрьевецкий муниципальный район,False,1.0,ok
городской округ город Сорск,False,1.0,ok
муниципальный округ Весьегонский,False,1.0,ok
Подпорожский муниципальный район,False,1.0,ok
Тетюшский муниципальный район,False,1.0,ok
Тонкинский муниципальный округ,False,1.0,ok
городской округ город Алатырь,False,1.0,ok
Медвежьегорский муниципальный район,False,1.0,ok
Тындинский муниципальный округ,False,1.0,ok
Темкинский муниципальный район,False,1.0,ok
городской округ город Грозный,False,1.0,ok
внутригородская территория города федерального значения муниципальный округ Дмитровский,False,1.0,ok
Нязепетровский муниципальный район,False,1.0,ok
Шелопугинский муниципальный район,False,1.0,ok
Тарский муниципальный район,False,1.0,ok
городской округ Октябрьский,False,1.0,ok
Суоярвский муниципальный округ,False,1.0,ok
Калевальский муниципальный район,False,1.0,ok
Гдовский муниципальный район,False,1.0,ok
внутригородская территория города федерального значения муниципальный округ Левобережный,False,1.0,ok
Кочкуровский муниципальный район,False,1.0,ok
Кемский муниципальный район,False,1.0,ok
Верхнеколымский муниципальный район,False,1.0,ok
Сысольский муниципальный район,False,1.0,ok
Белевский муниципальный район,False,1.0,ok
Заокский муниципальный район,False,1.0,ok
муниципальный округ Кочевский,False,1.0,ok
городской округ Верхняя Пышма,False,1.0,ok
Тюлячинский муниципальный район,False,1.0,ok
Темниковский муниципальный район,False,1.0,ok
Чебоксарский муниципальный округ,False,1.0,ok
Дальнеконстантиновский муниципальный округ,False,1.0,ok
Троснянский муниципальный район,False,1.0,ok
городской округ город Свободный,False,1.0,ok
муниципальный округ Кезский район,False,1.0,ok
Иглинский муниципальный район,False,1.0,ok
Мечетлинский муниципальный район,False,1.0,ok
внутригородская территория города федерального значения поселок Лисий Нос,False,1.0,ok
Лениногорский муниципальный район,False,1.0,ok
городской округ город Кулебаки,False,1.0,ok
Тисульский муниципальный округ,False,1.0,ok
Еманжелинский муниципальный район,False,1.0,ok
городской округ город Югорск,False,1.0,ok
Турочакский муниципальный район,False,1.0,ok
городской округ Кашинский,False,1.0,ok
городской округ город Сарапул,False,1.0,ok
Исилькульский муниципальный район,False,1.0,ok
Пожарский муниципальный округ,False,1.0,ok
Варнавинский муниципальный округ,False,1.0,ok
Таштагольский муниципальный район,False,1.0,ok
городской округ Баксан,False,1.0,ok
Добровский муниципальный район,False,1.0,ok
внутригородская территория города федерального значения муниципальный округ Озеро Долгое,False,1.0,ok
городской округ город Бугуруслан,False,1.0,ok
Хангаласский муниципальный район,False,1.0,ok
городской округ город Новоалтайск,False,1.0,ok
Урус-Мартановский муниципальный район,False,1.0,ok
Краснооктябрьский муниципальный округ,False,1.0,ok
Азовский немецкий национальный муниципальный район,False,1.0,ok
городской округ город Комсомольск-на-Амуре,False,1.0,ok
внутригородская территория города федерального значения городской округ Троицк,False,1.0,ok
Ардатовский муниципальный район,False,1.0,ok
городской округ Камышловский,False,1.0,ok
Дмитровский муниципальный район,False,1.0,ok
городской округ Холмский,False,1.0,ok
городской округ Электрогорск,False,0.0,нет в справочнике
Ясногорский муниципальный район,False,1.0,ok
городской округ Анжеро-Судженский,False,1.0,ok
городской округ Челябинский,False,1.0,ok
Мокшанский муниципальный район,False,1.0,ok
муниципальный округ Шарканский район,False,1.0,ok
Большереченский муниципальный район,False,1.0,ok
городской округ Протвино,False,1.0,ok
Звериноголовский муниципальный округ,False,1.0,ok
Красноармейский муниципальный район,True,4.0,дубль названия у Сбера
Калачинский муниципальный район,False,1.0,ok
Ульяновский муниципальный район,True,2.0,дубль названия у Сбера
Иволгинский муниципальный район,False,1.0,ok
внутригородская территория города федерального значения муниципальный округ Балканский,False,1.0,ok
Палехский муниципальный район,False,1.0,ok
Караидельский муниципальный район,False,1.0,ok
Пичаевский муниципальный округ,False,1.0,ok
городской округ Сысертский,False,1.0,ok
городской округ Славный,False,1.0,ok
Еланский муниципальный район,False,1.0,ok
Зиминский муниципальный район,False,1.0,ok
Большесельский муниципальный район,False,1.0,ok
муниципальный округ Хасынский,False,1.0,ok
городской округ Егорьевск,False,1.0,ok
Шуйский муниципальный район,False,1.0,ok
Дульдургинский муниципальный район,False,1.0,ok
Корсаковский муниципальный район,False,1.0,ok
Карасукский муниципальный район,False,1.0,ok
городской округ Верх-Нейвинский,False,1.0,ok
Аромашевский муниципальный район,False,1.0,ok
городской округ Ухта,False,1.0,ok
городской округ город Волжск,False,1.0,ok
Карталинский муниципальный район,False,1.0,ok
Нижнесергинский муниципальный район,False,1.0,ok
Крутихинский муниципальный район,False,1.0,ok
Палласовский муниципальный район,False,1.0,ok
городской округ Кушвинский,False,1.0,ok
городской округ город Канаш,False,1.0,ok
городской округ Советский,False,1.0,ok
Венгеровский муниципальный район,False,1.0,ok
внутригородская территория города федерального значения муниципальный округ Бабушкинский,False,1.0,ok
Смидовичский муниципальный район,False,1.0,ok
Дзержинский муниципальный район,True,2.0,дубль названия у Сбера
Ютазинский муниципальный район,False,1.0,ok
муниципальный округ Вилегодский,False,1.0,ok
Воскресенский муниципальный округ,False,1.0,ok
Долгоруковский муниципальный район,False,1.0,ok
Балаганский муниципальный район,False,1.0,ok
Ромненский муниципальный округ,False,1.0,ok
Базарносызганский муниципальный район,False,1.0,ok
внутригородская территория города федерального значения поселение Первомайское,False,1.0,ok
внутригородская территория города федерального значения муниципальный округ Автово,False,1.0,ok
внутригородская территория города федерального значения поселение Краснопахорское,False,1.0,ok
муниципальный округ Ямальский район,False,1.0,ok
Менделеевский муниципальный район,False,1.0,ok
Закаменский муниципальный район,False,1.0,ok
Красногорский муниципальный район,False,2.0,несколько МО с таким именем
городской округ Троицкий,False,1.0,ok
Городовиковский муниципальный район,False,1.0,ok
Петровский муниципальный район,False,1.0,ok
городской округ город Сибай,False,1.0,ok
Вельский муниципальный район,False,1.0,ok
муниципальный округ Ярский район,False,1.0,ok
Упоровский муниципальный район,False,1.0,ok
городской округ город Шахунья,False,1.0,ok
муниципальный округ Нестеровский,False,1.0,ok
муниципальный округ Зубцовский,False,1.0,ok
муниципальный округ Вавожский район,False,1.0,ok
Тегульдетский муниципальный район,False,1.0,ok
Каргасокский муниципальный район,False,1.0,ok
городской округ Томаринский,False,1.0,ok
Усть-Большерецкий муниципальный район,False,1.0,ok
муниципальный округ Арбажский,False,1.0,ok
Таймырский Долгано-Ненецкий муниципальный район,False,1.0,ok
Среднеколымский муниципальный район,False,1.0,ok
"внутригородская территория города федерального значения поселение Мосрентген""""",False,1.0,ok
внутригородская территория города федерального значения муниципальный округ Лефортово,False,1.0,ok
Троицко-Печорский муниципальный район,False,1.0,ok
Березовский муниципальный район,True,2.0,дубль названия у Сбера
Татищевский муниципальный район,False,1.0,ok
Яшалтинский муниципальный район,False,1.0,ok
городской округ город Рязань,False,1.0,ok
Поддорский муниципальный район,False,1.0,ok
Сургутский муниципальный район,False,1.0,ok
Ровенский муниципальный район,False,1.0,ok
городской округ город Горно-Алтайск,False,1.0,ok
Захаровский муниципальный район,False,1.0,ok
городской округ город Биробиджан,False,1.0,ok
Муезерский муниципальный район,False,1.0,ok
Крутинский муниципальный район,False,1.0,ok
внутригородская территория города федерального значения муниципальный округ Западное Дегунино,False,1.0,ok
Ирафский муниципальный район,False,1.0,ok
внутригородская территория города федерального значения поселение Киевский,False,1.0,ok
Новоорский муниципальный район,False,1.0,ok
Левокумский муниципальный округ,False,1.0,ok
Бурлинский муниципальный район,False,1.0,ok
Булунский муниципальный район,False,1.0,ok
Камешкирский муниципальный район,False,1.0,ok
Аргаяшский муниципальный район,False,1.0,ok
городской округ Алапаевское,False,1.0,ok
Новоаннинский муниципальный район,False,1.0,ok
городской округ Охинский,False,1.0,ok
внутригородская территория города федерального значения муниципальный округ Кунцево,False,1.0,ok
городской округ Белоярский,False,1.0,ok
Богучанский муниципальный район,False,1.0,ok
городской округ город Урюпинск,False,1.0,ok
муниципальный округ Каргопольский,False,1.0,ok
Южский муниципальный район,False,1.0,ok
городской округ город Губкинский,False,1.0,ok
Старополтавский муниципальный район,False,1.0,ok
Глазуновский муниципальный район,False,1.0,ok
Эвенкийский муниципальный район,False,1.0,ok
Улаганский муниципальный район,False,1.0,ok
Елховский муниципальный район,False,1.0,ok
внутригородская территория города федерального значения муниципальный округ Восточный,False,1.0,ok
Мосальский муниципальный район,False,1.0,ok
Монастырщинский муниципальный район,False,1.0,ok
внутригородская территория города федерального значения муниципальный округ Фили-Давыдково,False,1.0,ok
внутригородская территория города федерального значения муниципальный округ Головинский,False,1.0,ok
Убинский муниципальный район,False,1.0,ok
Великоустюгский муниципальный округ,False,1.0,ok
Аллаиховский муниципальный район,False,1.0,ok
внутригородская территория города федерального значения муниципальный округ Ростокино,False,1.0,ok
городской округ Северо-Курильский,False,1.0,ok
городской округ город Вятские Поляны,False,1.0,ok
городской округ город Калуга,False,1.0,ok
Шемышейский муниципальный район,False,1.0,ok
Шушенский муниципальный район,False,1.0,ok
Зеленчукский муниципальный район,False,1.0,ok
Калачевский муниципальный район,False,1.0,ok
Шумячский муниципальный район,False,1.0,ok
Омутинский муниципальный район,False,1.0,ok
внутригородская территория города федерального значения муниципальный округ Морской,False,1.0,ok
Акбулакский муниципальный район,False,1.0,ok
Онежский муниципальный район,False,1.0,ok
Лоухский муниципальный район,False,1.0,ok
муниципальный округ Якшур-Бодьинский район,False,1.0,ok
Краснобаковский муниципальный округ,False,1.0,ok
муниципальный округ Карагайский,False,1.0,ok
городской округ город Томск,False,1.0,ok
Кунашакский муниципальный район,False,1.0,ok
Новоузенский муниципальный район,False,1.0,ok
городской округ Междуреченский,False,1.0,ok
Зональный муниципальный район,False,1.0,ok
Хвастовичский муниципальный район,False,1.0,ok
Нагайбакский муниципальный район,False,1.0,ok
Хасанский муниципальный округ,False,1.0,ok
муниципальный округ Ординский,False,1.0,ok
городской округ Тымовский,False,1.0,ok
Апанасенковский муниципальный округ,False,1.0,ok
Третьяковский муниципальный район,False,1.0,ok
городской округ город Сургут,False,1.0,ok
городской округ город Хабаровск,False,1.0,ok
Солнечный муниципальный район,False,1.0,ok
муниципальный район Заполярный район,False,1.0,ok
Усть-Ишимский муниципальный район,False,1.0,ok
Косихинский муниципальный район,False,1.0,ok
Шкотовский муниципальный округ,False,1.0,ok
Кильмезский муниципальный район,False,1.0,ok
Чебулинский муниципальный округ,False,1.0,ok
Мышкинский муниципальный район,False,1.0,ok
Тюкалинский муниципальный район,False,1.0,ok
Починковский муниципальный район,False,1.0,ok
городской округ город Канск,False,1.0,ok
Нижнетавдинский муниципальный район,False,1.0,ok
внутригородская территория города федерального значения муниципальный округ Прометей,False,1.0,ok
городской округ город Фролово,False,1.0,ok
городской округ Краснокамский,False,1.0,ok
городской округ Гайский,False,1.0,ok
Сампурский муниципальный округ,False,1.0,ok
внутригородская территория города федерального значения муниципальный округ Зябликово,False,1.0,ok
муниципальный округ Опаринский,False,1.0,ok
внутригородская территория города федерального значения поселок Александровская,False,1.0,ok
внутригородская территория города федерального значения муниципальный округ Метрогородок,False,1.0,ok
Дубенский муниципальный район,True,2.0,дубль названия у Сбера
Ишимбайский муниципальный район,False,1.0,ok
Питерский муниципальный район,False,1.0,ok
Тюхтетский муниципальный округ,False,1.0,ok
внутригородская территория города федерального значения муниципальный округ Екатерингофский,False,1.0,ok
Биробиджанский муниципальный район,False,1.0,ok
Верховажский муниципальный округ,False,1.0,ok
Кинельский муниципальный район,False,1.0,ok
Давлекановский муниципальный район,False,1.0,ok
муниципальный округ Пермский,False,1.0,ok
внутригородская территория города федерального значения муниципальный округ Дорогомилово,False,1.0,ok
Мазановский муниципальный район,False,1.0,ok
Щучанский муниципальный округ,False,1.0,ok
Прохладненский муниципальный район,False,1.0,ok
Инзенский муниципальный район,False,1.0,ok
Хвалынский муниципальный район,False,1.0,ok
внутригородская территория города федерального значения муниципальный округ Филевский парк,False,1.0,ok
Шаблыкинский муниципальный район,False,1.0,ok
Муромцевский муниципальный район,False,1.0,ok
Омский муниципальный район,False,1.0,ok
городской округ город Махачкала,False,1.0,ok
Лопатинский муниципальный район,False,1.0,ok
городской округ Самара,False,1.0,ok
городской округ город Галич,False,1.0,ok
Гагинский муниципальный округ,False,1.0,ok
Арсеньевский муниципальный район,False,1.0,ok
муниципальный округ Зеленоградский,False,1.0,ok
Козловский муниципальный округ,False,1.0,ok
Рыбновский муниципальный район,False,1.0,ok
Домбаровский муниципальный район,False,1.0,ok
городской округ Черкесский,False,1.0,ok
городской округ Ленинск-Кузнецкий,False,1.0,ok
Алагирский муниципальный район,False,1.0,ok
Облученский муниципальный район,False,1.0,ok
Торбеевский муниципальный район,False,1.0,ok
внутригородская территория города федерального значения муниципальный округ Княжево,False,1.0,ok
Большеигнатовский муниципальный район,False,1.0,ok
Новобурасский муниципальный район,False,1.0,ok
городской округ Березовский,True,2.0,дубль названия у Сбера
Кирилловский муниципальный округ,False,1.0,ok
Умётский муниципальный округ,False,1.0,ok
городской округ Нижняя Салда,False,1.0,ok
Пий-Хемский муниципальный район,False,1.0,ok
городской округ Лыткарино,False,1.0,ok
Мариинско-Посадский муниципальный округ,False,1.0,ok
внутригородская территория города федерального значения муниципальный округ Чкаловское,False,1.0,ok
городской округ Котлас,False,1.0,ok
Константиновский муниципальный район,False,2.0,несколько МО с таким именем
Вичугский муниципальный район,False,1.0,ok
Черемшанский муниципальный район,False,1.0,ok
городской округ Киселевский,False,1.0,ok
Грачёвский муниципальный округ,False,1.0,ok
городской округ город Аргун,False,1.0,ok
Абанский муниципальный район,False,1.0,ok
муниципальный округ Мурашинский,False,1.0,ok
внутригородская территория города федерального значения муниципальный округ Ланское,False,1.0,ok
Барышский муниципальный район,False,1.0,ok
Бичурский муниципальный район,False,1.0,ok
Ломоносовский муниципальный район,False,1.0,ok
городской округ город Елец,False,1.0,ok
Саракташский муниципальный район,False,1.0,ok
Быстроистокский муниципальный район,False,1.0,ok
Татарский муниципальный район,False,1.0,ok
Майминский муниципальный район,False,1.0,ok
Волчихинский муниципальный район,False,1.0,ok
городской округ Инта,False,1.0,ok
Тункинский муниципальный район,False,1.0,ok
Петушинский муниципальный район,False,1.0,ok
Чамзинский муниципальный район,False,1.0,ok
Буинский муниципальный район,False,1.0,ok
городской округ Талицкий,False,1.0,ok
внутригородская территория города федерального значения муниципальный округ Звездное,False,1.0,ok
внутригородская территория города федерального значения поселок Понтонный,False,1.0,ok
Балаковский муниципальный район,False,1.0,ok
Барабинский муниципальный район,False,1.0,ok
городской округ Кемеровский,False,1.0,ok
Окинский муниципальный район,False,1.0,ok
муниципальный округ Сонковский,False,1.0,ok
городской округ Краснотурьинск,False,1.0,ok
Енотаевский муниципальный район,False,1.0,ok
внутригородская территория города федерального значения поселение Филимонковское,False,1.0,ok
Ковылкинский муниципальный район,False,1.0,ok
Аликовский муниципальный округ,False,1.0,ok
Сенгилеевский муниципальный район,False,1.0,ok
внутригородская территория города федерального значения муниципальный округ № 15,False,1.0,ok
внутригородская территория города федерального значения муниципальный округ Богородское,False,1.0,ok
Далматовский муниципальный округ,False,1.0,ok
Могочинский муниципальный округ,False,1.0,ok
Яшкульский муниципальный район,False,1.0,ok
Чегемский муниципальный район,False,1.0,ok
Аскинский муниципальный район,False,1.0,ok
Стерлитамакский муниципальный район,False,1.0,ok
городской округ город Переславль-Залесский,False,1.0,ok
внутригородская территория города федерального значения город Кронштадт,False,1.0,ok
Поспелихинский муниципальный район,False,1.0,ok
Моргаушский муниципальный округ,False,1.0,ok
внутригородская территория города федерального значения муниципальный округ Нагорный,False,1.0,ok
Кочковский муниципальный район,False,1.0,ok
муниципальный округ Березовский,False,1.0,ok
Кемеровский муниципальный округ,False,1.0,ok
Канский муниципальный район,False,1.0,ok
Вачский муниципальный округ,False,1.0,ok
Верхнебуреинский муниципальный район,False,1.0,ok
Благодарненский муниципальный округ,False,1.0,ok
Кукморский муниципальный район,False,1.0,ok
муниципальный район город Нерехта и Нерехтский район,False,1.0,ok
муниципальный округ Краснознаменский,False,1.0,ok
городской округ город Салават,False,1.0,ok
городской округ Верхнее Дуброво,False,1.0,ok
Бураевский муниципальный район,False,1.0,ok
городской округ Невельский,False,1.0,ok
Усть-Илимский муниципальный район,False,1.0,ok
Котовский муниципальный район,False,1.0,ok
муниципальный округ Юкаменский район,False,1.0,ok
Новодугинский муниципальный район,False,1.0,ok
Чернышевский муниципальный район,False,1.0,ok
Энгельсский муниципальный район,False,1.0,ok
городской округ Усть-Катавский,False,1.0,ok
Узловский муниципальный район,False,1.0,ok
городской округ Северодвинск,False,1.0,ok
Моздокский муниципальный район,False,1.0,ok
внутригородская территория города федерального значения муниципальный округ Правобережный,False,1.0,ok
городской округ город Белогорск,False,1.0,ok
Качугский муниципальный район,False,1.0,ok
Вязниковский муниципальный район,False,1.0,ok
городской округ Клин,False,1.0,ok
Кузоватовский муниципальный район,False,1.0,ok
Куньинский муниципальный район,False,1.0,ok
Елизовский муниципальный район,False,1.0,ok
Тутаевский муниципальный район,False,1.0,ok
городской округ город Черемхово,False,1.0,ok
Прибайкальский муниципальный район,False,1.0,ok
внутригородская территория города федерального значения муниципальный округ Красносельский,False,1.0,ok
Переволоцкий муниципальный район,False,1.0,ok
Лебяжьевский муниципальный округ,False,1.0,ok
муниципальный округ город Славгород,False,1.0,ok
Александро-Невский муниципальный район,False,1.0,ok
муниципальный район имени Лазо,False,1.0,ok
Сунтарский муниципальный район,False,1.0,ok
Большеболдинский муниципальный округ,False,1.0,ok
Вадинский муниципальный район,False,1.0,ok
городской округ Балтийский,False,1.0,ok
внутригородская территория города федерального значения муниципальный округ Арбат,False,1.0,ok
внутригородская территория города федерального значения муниципальный округ Пороховые,False,1.0,ok
Агрызский муниципальный район,False,1.0,ok
муниципальный округ Солецкий,False,1.0,ok
Усть-Кутский муниципальный район,False,1.0,ok
городской округ город Дагестанские Огни,False,1.0,ok
Тернейский муниципальный округ,False,1.0,ok
Белокатайский муниципальный район,False,1.0,ok
городской округ Дмитровский,False,1.0,ok
Селивановский муниципальный район,False,1.0,ok
Волховский муниципальный район,False,1.0,ok
Могойтуйский муниципальный район,False,1.0,ok
Горьковский муниципальный район,False,1.0,ok
Усть-Удинский муниципальный район,False,1.0,ok
Матвеевский муниципальный район,False,1.0,ok
Усть-Калманский муниципальный район,False,1.0,ok
Первомайский муниципальный округ,False,1.0,ok
городской округ город Смоленск,False,1.0,ok
внутригородская территория города федерального значения муниципальный округ Владимирский округ,False,1.0,ok
Сабинский муниципальный район,False,1.0,ok
городской округ Заводоуковский,False,1.0,ok
внутригородская территория города федерального значения муниципальный округ Чертаново Центральное,False,1.0,ok
Хлевенский муниципальный район,False,1.0,ok
муниципальный округ город Оленегорск,False,1.0,ok
городской округ город Тюмень,False,1.0,ok
городской округ Ясненский,False,1.0,ok
городской округ Тавдинский,False,1.0,ok
внутригородская территория города федерального значения муниципальный округ Морские ворота,False,1.0,ok
Кыштовский муниципальный район,False,1.0,ok
муниципальный округ Лебяжский,False,1.0,ok
Архангельский муниципальный район,False,1.0,ok
муниципальный округ Гайнский,False,1.0,ok
Чишминский муниципальный район,False,1.0,ok
Усольский муниципальный район,False,1.0,ok
Пошехонский муниципальный район,False,1.0,ok
внутригородская территория города федерального значения муниципальный округ Северное Медведково,False,1.0,ok
муниципальный округ Красноселькупский район,False,1.0,ok
Володарский муниципальный район,False,1.0,ok
Калманский муниципальный район,False,1.0,ok
Оловяннинский муниципальный район,False,1.0,ok
Целинный муниципальный округ,False,1.0,ok
Завьяловский муниципальный район,False,1.0,ok
Одоевский муниципальный район,False,1.0,ok
городской округ Домодедово,False,1.0,ok
Перемышльский муниципальный район,False,1.0,ok
Суворовский муниципальный район,False,1.0,ok
муниципальный округ Максатихинский,False,1.0,ok
городской округ Осташковский,False,1.0,ok
внутригородская территория города федерального значения  Александровский муниципальный округ,False,0.0,нет в справочнике
Новоторъяльский муниципальный район,False,1.0,ok
городской округ город Муравленко,False,1.0,ok
внутригородская территория города федерального значения муниципальный округ Выхино-Жулебино,False,1.0,ok
Шелаболихинский муниципальный район,False,1.0,ok
Мамадышский муниципальный район,False,1.0,ok
Липецкий муниципальный район,False,1.0,ok
Хорольский муниципальный округ,False,1.0,ok
Пустошкинский муниципальный район,False,1.0,ok
Великолукский муниципальный район,False,1.0,ok
Улётовский муниципальный район,False,1.0,ok
городской округ город Урай,False,1.0,ok
городской округ город Тверь,False,1.0,ok
внутригородская территория города федерального значения муниципальный округ Пулковский меридиан,False,1.0,ok
Чухломский муниципальный район,False,1.0,ok
городской округ Долгопрудный,False,1.0,ok
городской округ город Донской,False,1.0,ok
муниципальный округ Сивинский,False,1.0,ok
внутригородская территория города федерального значения муниципальный округ Сосновское,False,1.0,ok
муниципальный округ Юсьвинский,False,1.0,ok
городской округ Чапаевск,False,1.0,ok
Сямженский муниципальный округ,False,1.0,ok
Армизонский муниципальный район,False,1.0,ok
Ковернинский муниципальный округ,False,1.0,ok
муниципальный округ Сюмсинский район,False,1.0,ok
Янтиковский муниципальный округ,False,1.0,ok
Безенчукский муниципальный район,False,1.0,ok
внутригородская территория города федерального значения муниципальный округ Строгино,False,1.0,ok
Пушкиногорский муниципальный район,False,1.0,ok
Мильковский муниципальный округ,False,1.0,ok
Аларский муниципальный район,False,1.0,ok
муниципальный округ Струго-Красненский,False,1.0,ok
Приозерский муниципальный район,False,1.0,ok
Зеленодольский муниципальный район,False,1.0,ok
Карагинский муниципальный район,False,1.0,ok
городской округ город Назарово,False,1.0,ok
муниципальный округ Александровский,False,1.0,ok
Лукояновский муниципальный округ,False,1.0,ok
Свободненский муниципальный район,False,1.0,ok
Хиславичский муниципальный район,False,1.0,ok
внутригородская территория города федерального значения муниципальный округ Кронверкское,False,1.0,ok
Осинский муниципальный район,False,1.0,ok
Тахтамукайский муниципальный район,False,1.0,ok
Борский муниципальный район,False,1.0,ok
Малоархангельский муниципальный район,False,1.0,ok
городской округ город Арзамас,False,1.0,ok
Кетченеровский муниципальный район,False,1.0,ok
Гурьевский муниципальный округ,False,1.0,ok
внутригородская территория города федерального значения муниципальный округ Гагаринский,False,1.0,ok
городской округ Ильинский,False,1.0,ok
муниципальный округ город Апатиты,False,1.0,ok
Прокопьевский муниципальный округ,False,1.0,ok
Красногвардейский муниципальный округ,False,1.0,ok
Новосибирский муниципальный район,False,1.0,ok
Кингисеппский муниципальный район,False,1.0,ok
Мишкинский муниципальный район,False,1.0,ok
Лебедянский муниципальный район,False,1.0,ok
Воскресенский муниципальный район,False,1.0,ok
городской округ Гусевский,False,1.0,ok
городской округ Светловский,False,1.0,ok
муниципальный округ Старицкий,False,1.0,ok
внутригородская территория города федерального значения город Колпино,False,1.0,ok
городской округ Дальнереченский,False,1.0,ok
городской округ Ступино,False,1.0,ok
муниципальный округ Кимрский,False,1.0,ok
Шенталинский муниципальный район,False,1.0,ok
Камышинский муниципальный район,False,1.0,ok
Ловозерский муниципальный район,False,1.0,ok
внутригородская территория города федерального значения муниципальный округ Даниловский,False,1.0,ok
Чекмагушевский муниципальный район,False,1.0,ok
Должанский муниципальный район,False,1.0,ok
Братский муниципальный район,False,1.0,ok
Чудовский муниципальный район,False,1.0,ok
Шимановский муниципальный округ,False,1.0,ok
Заиграевский муниципальный район,False,1.0,ok
городской округ Красновишерский,False,1.0,ok
городской округ город Новотроицк,False,1.0,ok
внутригородская территория города федерального значения муниципальный округ Ярославский,False,1.0,ok
Курманаевский муниципальный район,False,1.0,ok
городской округ Кашира,False,1.0,ok
внутригородская территория города федерального значения муниципальный округ № 72,False,1.0,ok
Наримановский муниципальный район,False,1.0,ok
Иловлинский муниципальный район,False,1.0,ok
внутригородская территория города федерального значения муниципальный округ Ясенево,False,1.0,ok
Грязинский муниципальный район,False,1.0,ok
муниципальный округ Афанасьевский,False,1.0,ok
городской округ Королёв,False,1.0,ok
Архаринский муниципальный округ,False,1.0,ok
Оренбургский муниципальный район,False,1.0,ok
Александрово-Гайский муниципальный район,False,1.0,ok
городской округ город Бердск,False,1.0,ok
городской округ Кировградский,False,1.0,ok
внутригородская территория города федерального значения поселение Роговское,False,1.0,ok
Красночикойский муниципальный район,False,1.0,ok
Новокузнецкий муниципальный округ,False,1.0,ok
Малокарачаевский муниципальный район,False,1.0,ok
муниципальный округ Усинск,False,1.0,ok
Фроловский муниципальный район,False,1.0,ok
внутригородская территория города федерального значения муниципальный округ Матушкино,False,1.0,ok
муниципальный округ Северо-Эвенский,False,1.0,ok
Нюрбинский муниципальный район,False,1.0,ok
Ивановский муниципальный округ,False,1.0,ok
внутригородская территория города федерального значения муниципальный округ Невский округ,False,1.0,ok
Грачёвский муниципальный район,False,1.0,ok
городской округ рабочий поселок Кольцово,False,1.0,ok
муниципальный округ Макушинский,False,1.0,ok
Пригородный муниципальный район,False,1.0,ok
Износковский муниципальный район,False,1.0,ok
городской округ Партизанский,False,1.0,ok
Ухоловский муниципальный район,False,1.0,ok
городской округ город Нижневартовск,False,1.0,ok
городской округ город Мценск,False,1.0,ok
Азнакаевский муниципальный район,False,1.0,ok
Сарпинский муниципальный район,False,1.0,ok
Черемховский муниципальный район,False,1.0,ok
городской округ город Алапаевск,False,1.0,ok
Кожевниковский муниципальный район,False,1.0,ok
Баяндаевский муниципальный район,False,1.0,ok
Кармаскалинский муниципальный район,False,1.0,ok
городской округ город Кедровый,False,1.0,ok
городской округ город Уфа,False,1.0,ok
городской округ город Яровое,False,1.0,ok
Куженерский муниципальный район,False,1.0,ok
внутригородская территория города федерального значения город Петергоф,False,1.0,ok
Большеберезниковский муниципальный район,False,1.0,ok
Бавлинский муниципальный район,False,1.0,ok
Кологривский муниципальный округ,False,1.0,ok
Сегежский муниципальный округ,False,1.0,ok
Щекинский муниципальный район,False,1.0,ok
Кадошкинский муниципальный район,False,1.0,ok
внутригородская территория города федерального значения муниципальный округ Полюстрово,False,1.0,ok
Данковский муниципальный район,False,1.0,ok
Тевризский муниципальный район,False,1.0,ok
Мантуровский муниципальный округ,False,1.0,ok
Фурмановский муниципальный район,False,1.0,ok
городской округ Воркута,False,1.0,ok
Ряжский муниципальный округ,False,1.0,ok
городской округ Соль-Илецкий,False,1.0,ok
муниципальный округ Косинский,False,1.0,ok
внутригородская территория города федерального значения муниципальный округ Перово,False,1.0,ok
Печенгский муниципальный округ,False,1.0,ok
городской округ город Свирск,False,1.0,ok
Краснощёковский муниципальный район,False,1.0,ok
Анучинский муниципальный округ,False,1.0,ok
Селемджинский муниципальный район,False,1.0,ok
городской округ город Нефтекамск,False,1.0,ok
Усть-Майский муниципальный район,False,1.0,ok
Порецкий муниципальный округ,False,1.0,ok
Чистоозерный муниципальный район,False,1.0,ok
Кошкинский муниципальный район,False,1.0,ok
Новосокольнический муниципальный район,False,1.0,ok
Меленковский муниципальный район,False,1.0,ok
внутригородская территория города федерального значения муниципальный округ Рыбацкое,False,1.0,ok
Завитинский муниципальный округ,False,1.0,ok
Частоозерский муниципальный округ,False,1.0,ok
городской округ Анадырь,False,1.0,ok
Мелеузовский муниципальный район,False,1.0,ok
городской округ город Калининград,False,1.0,ok
внутригородская территория города федерального значения муниципальный округ Царицыно,False,1.0,ok
Красноборский муниципальный округ,False,1.0,ok
Беловский муниципальный округ,False,1.0,ok
Усть-Канский муниципальный район,False,1.0,ok
Тальменский муниципальный район,False,1.0,ok
городской округ Костомукшский,False,1.0,ok
Пронский муниципальный район,False,1.0,ok
муниципальный округ Свечинский,False,1.0,ok
Пыщугский муниципальный округ,False,1.0,ok
городской округ город Избербаш,False,1.0,ok
городской округ Спасск-Дальний,False,1.0,ok
муниципальный округ Можгинский район,False,1.0,ok
Советский муниципальный округ,False,1.0,ok
муниципальный округ Ржевский,False,1.0,ok
городской округ рабочий поселок (поселок городского типа) Прогресс,False,1.0,ok
Некрасовский муниципальный район,False,1.0,ok
Баганский муниципальный район,False,1.0,ok
Коркинский муниципальный округ,False,1.0,ok
городской округ город Северобайкальск,False,1.0,ok
городской округ город Орск,False,1.0,ok
Гиагинский муниципальный район,False,1.0,ok
Приаргунский муниципальный округ,False,1.0,ok
Новониколаевский муниципальный район,False,1.0,ok
городской округ Мысковский,False,1.0,ok
Мордовский муниципальный округ,False,1.0,ok
внутригородская территория города федерального значения муниципальный округ Свиблово,False,1.0,ok
городской округ Фрязино,False,1.0,ok
Оленекский эвенкийский национальный муниципальный район,False,1.0,ok
Киреевский муниципальный район,False,1.0,ok
Кондинский муниципальный район,False,1.0,ok
Юхновский муниципальный район,False,1.0,ok
муниципальный округ Каракулинский район,False,1.0,ok
Кежемский муниципальный район,False,1.0,ok
Урмарский муниципальный округ,False,1.0,ok
Предгорный муниципальный округ,False,1.0,ok
Илишевский муниципальный район,False,1.0,ok
Духовщинский муниципальный район,False,1.0,ok
Плюсский муниципальный район,False,1.0,ok
городской округ Качканарский,False,1.0,ok
Яранский муниципальный район,False,1.0,ok
городской округ город Чкаловск,False,1.0,ok
Ордынский муниципальный район,False,1.0,ok
внутригородская территория города федерального значения муниципальный округ Орехово-Борисово Северное,False,1.0,ok
внутригородская территория города федерального значения муниципальный округ Дворцовый округ,False,1.0,ok
Ромодановский муниципальный район,False,1.0,ok
Лысковский муниципальный округ,False,1.0,ok
городской округ Истра,False,1.0,ok
Новодеревеньковский муниципальный район,False,1.0,ok
Карсунский муниципальный район,False,1.0,ok
муниципальный округ Надымский район,False,1.0,ok
муниципальный округ Кикнурский,False,1.0,ok
Ковдорский муниципальный округ,False,1.0,ok
муниципальный округ Западнодвинский,False,1.0,ok
внутригородская территория города федерального значения муниципальный округ Хорошевский,False,1.0,ok
городской округ город Кирсанов,False,1.0,ok
Абазинский муниципальный район,False,1.0,ok
Володарский муниципальный округ,False,1.0,ok
городской округ Серебряные Пруды,False,1.0,ok
Ширинский муниципальный район,False,1.0,ok
Усть-Джегутинский муниципальный район,False,1.0,ok
Кстовский муниципальный округ,False,1.0,ok
Пестяковский муниципальный район,False,1.0,ok
городской округ Пышминский,False,1.0,ok
Старошайговский муниципальный район,False,1.0,ok
Свердловский муниципальный район,False,1.0,ok
Кызылский муниципальный район,False,1.0,ok
внутригородская территория города федерального значения муниципальный округ Шувалово-Озерки,False,1.0,ok
Усть-Алданский муниципальный район,False,1.0,ok
Сусанинский муниципальный район,False,1.0,ok
Каратузский муниципальный район,False,1.0,ok
Троицкий муниципальный район,False,2.0,несколько МО с таким именем
Сеченовский муниципальный округ,False,1.0,ok
Нурлатский муниципальный район,False,1.0,ok
Серышевский муниципальный округ,False,1.0,ok
Нефтекумский муниципальный округ,False,1.0,ok
Парфинский муниципальный район,False,1.0,ok
муниципальный округ Пестовский,False,1.0,ok
городской округ город Шадринск,False,1.0,ok
внутригородская территория города федерального значения муниципальный округ Якиманка,False,1.0,ok
Тобольский муниципальный район,False,1.0,ok
Уржумский муниципальный район,False,1.0,ok
городской округ Орехово-Зуевский,False,1.0,ok
Сухобузимский муниципальный район,False,1.0,ok
Шарьинский муниципальный район,False,1.0,ok
Акшинский муниципальный округ,False,0.0,нет в справочнике
Маслянинский муниципальный район,False,1.0,ok
Яльчикский муниципальный округ,False,1.0,ok
Амурский муниципальный район,False,1.0,ok
Ермаковский муниципальный район,False,1.0,ok
городской округ город-герой Волгоград,False,1.0,ok
внутригородская территория города федерального значения муниципальный округ Беговой,False,1.0,ok
муниципальный округ Рамешковский,False,1.0,ok
Слободской муниципальный район,False,1.0,ok
Солонешенский муниципальный район,False,1.0,ok
Северо-Енисейский муниципальный район,False,1.0,ok
Пестречинский муниципальный район,False,1.0,ok
Казачинский муниципальный район,False,1.0,ok
Котельниковский муниципальный район,False,1.0,ok
Киржачский муниципальный район,False,1.0,ok
городской округ Жуковский,False,1.0,ok
Беломорский муниципальный округ,False,1.0,ok
Островский муниципальный округ,False,1.0,ok
Тугуро-Чумиканский муниципальный район,False,1.0,ok
городской округ город Лабытнанги,False,1.0,ok
внутригородская территория города федерального значения муниципальный округ Марьино,False,1.0,ok
Шимский муниципальный район,False,1.0,ok
Мещовский муниципальный район,False,1.0,ok
Таврический муниципальный район,False,1.0,ok
Ольгинский муниципальный округ,False,1.0,ok
городской округ Великий Новгород,False,1.0,ok
Камышлинский муниципальный район,False,1.0,ok
городской округ город Минусинск,False,1.0,ok
внутригородская территория города федерального значения муниципальный округ Ржевка,False,1.0,ok
Нижнеингашский муниципальный район,False,1.0,ok
внутригородская территория города федерального значения муниципальный округ округ Петровский,False,1.0,ok
Нюксенский муниципальный округ,False,1.0,ok
Уйский муниципальный район,False,1.0,ok
внутригородская территория города федерального значения муниципальный округ Дачное,False,1.0,ok
Кижингинский муниципальный район,False,1.0,ok
муниципальный округ Вуктыл,False,1.0,ok
внутригородская территория города федерального значения муниципальный округ Крюково,False,1.0,ok
Инжавинский муниципальный округ,False,1.0,ok
Куртамышский муниципальный округ,False,1.0,ok
Бикинский муниципальный район,False,1.0,ok
Рузаевский муниципальный район,False,1.0,ok
городской округ Александровск-Сахалинский район,False,1.0,ok
внутригородская территория города федерального значения муниципальный округ Сосновая поляна,False,1.0,ok
Куменский муниципальный район,False,1.0,ok
городской округ город Шарыпово,False,1.0,ok
Катайский муниципальный округ,False,1.0,ok
внутригородская территория города федерального значения муниципальный округ Северный,True,2.0,дубль названия у Сбера
Среднеахтубинский муниципальный район,False,1.0,ok
Клепиковский муниципальный район,False,1.0,ok
внутригородская территория города федерального значения муниципальный округ Бескудниковский,False,1.0,ok
Катав-Ивановский муниципальный район,False,1.0,ok
Ивановский муниципальный район,False,1.0,ok
Благовещенский муниципальный округ,False,1.0,ok
внутригородская территория города федерального значения муниципальный округ Смольнинское,False,1.0,ok
Соболевский муниципальный район,False,1.0,ok
городской округ город Буй,False,1.0,ok
городской округ Каменский,False,1.0,ok
Калининский муниципальный район,False,2.0,несколько МО с таким именем
внутригородская территория города федерального значения муниципальный округ Нижегородский,False,1.0,ok
Маловишерский муниципальный район,False,1.0,ok
внутригородская территория города федерального значения город Павловск,False,1.0,ok
внутригородская территория города федерального значения муниципальный округ Георгиевский,False,1.0,ok
внутригородская территория города федерального значения муниципальное образование Савелки,False,1.0,ok
внутригородская территория города федерального значения муниципальный округ Останкинский,False,1.0,ok
муниципальный округ город Кировск,False,1.0,ok
внутригородская территория города федерального значения муниципальный округ Ульянка,False,1.0,ok
городской округ Петрозаводский,False,1.0,ok
Тарусский муниципальный район,False,1.0,ok
муниципальный округ Пижанский,False,1.0,ok
городской округ Кувандыкский,False,1.0,ok
Нижнеудинский муниципальный район,False,1.0,ok
Партизанский муниципальный округ,False,1.0,ok
Устьянский муниципальный округ,False,1.0,ok
городской округ город Лангепас,False,1.0,ok
Алатырский муниципальный округ,False,1.0,ok
городской округ поселок Кедровый,False,1.0,ok
внутригородская территория города федерального значения муниципальный округ Вешняки,False,1.0,ok
Кондопожский муниципальный район,False,1.0,ok
Сухиничский муниципальный район,False,1.0,ok
внутригородская территория города федерального значения муниципальный округ Чертаново Северное,False,1.0,ok
муниципальный округ Игринский район,False,1.0,ok
городской округ город Ноябрьск,False,1.0,ok
Себежский муниципальный район,False,1.0,ok
Тарногский муниципальный округ,False,1.0,ok
городской округ город Братск,False,1.0,ok
Аургазинский муниципальный район,False,1.0,ok
Актанышский муниципальный район,False,1.0,ok
Ханты-Мансийский муниципальный район,False,1.0,ok
Черлакский муниципальный район,False,1.0,ok
Курьинский муниципальный район,False,1.0,ok
городской округ Вичуга,False,1.0,ok
Камызякский муниципальный район,False,1.0,ok
городской округ город Ковров,False,1.0,ok
муниципальный округ Кесовогорский,False,1.0,ok
городской округ город-курорт Железноводск,False,1.0,ok
городской округ Бронницы,False,1.0,ok
внутригородская территория города федерального значения муниципальный округ Внуково,False,1.0,ok
внутригородская территория города федерального значения город Зеленогорск,False,1.0,ok
муниципальный округ Калининский,False,1.0,ok
Нефтеюганский муниципальный район,False,1.0,ok
Парабельский муниципальный район,False,1.0,ok
Мотыгинский муниципальный район,False,1.0,ok
городской округ Ногликский,False,1.0,ok
Джидинский муниципальный район,False,1.0,ok
Пировский муниципальный округ,False,1.0,ok
Родинский муниципальный район,False,1.0,ok
Искитимский муниципальный район,False,1.0,ok
Сердобский муниципальный район,False,1.0,ok
внутригородская территория города федерального значения муниципальный округ Финляндский округ,False,1.0,ok
Ашинский муниципальный район,False,1.0,ok
Куюргазинский муниципальный район,False,1.0,ok
городской округ Сосьвинский,False,1.0,ok
внутригородская территория города федерального значения муниципальный округ Тимирязевский,False,1.0,ok
Тасеевский муниципальный район,False,1.0,ok
муниципальный округ Пуровский район,False,1.0,ok
Ишимский муниципальный район,False,1.0,ok
Варгашинский муниципальный округ,False,1.0,ok
Мокроусовский муниципальный округ,False,1.0,ok
внутригородская территория города федерального значения муниципальный округ Красненькая речка,False,1.0,ok
Арский муниципальный район,False,1.0,ok
городской округ Люберцы,False,1.0,ok
муниципальный округ Ягоднинский,False,1.0,ok
городской округ город Покачи,False,1.0,ok
Савинский муниципальный район,False,1.0,ok
Койгородский муниципальный район,False,1.0,ok
городской округ город Бородино,False,1.0,ok
Камышловский муниципальный район,False,1.0,ok
Кораблинский муниципальный район,False,1.0,ok
Становлянский муниципальный район,False,1.0,ok
муниципальный округ Частинский,False,1.0,ok
внутригородская территория города федерального значения поселение Новофедоровское,False,1.0,ok
Ипатовский муниципальный округ,False,1.0,ok
Малмыжский муниципальный район,False,1.0,ok
Альметьевский муниципальный район,False,1.0,ok
Угранский муниципальный район,False,1.0,ok
Апастовский муниципальный район,False,1.0,ok
городской округ Ладушкинский,False,1.0,ok
Топчихинский муниципальный район,False,1.0,ok
муниципальный округ Камбарский район,False,1.0,ok
Хотынецкий муниципальный район,False,1.0,ok
Курагинский муниципальный район,False,1.0,ok
Кромской муниципальный район,False,1.0,ok
внутригородская территория города федерального значения поселение Московский,False,1.0,ok
Ржаксинский муниципальный округ,False,1.0,ok
Клетский муниципальный район,False,1.0,ok
муниципальный округ Гурьевский,False,1.0,ok
Быстринский муниципальный район,False,1.0,ok
внутригородская территория города федерального значения поселение Марушкинское,False,1.0,ok
внутригородская территория города федерального значения муниципальный округ Отрадное,False,1.0,ok
внутригородская территория города федерального значения муниципальный округ Восточное Дегунино,False,1.0,ok
Нижнеилимский муниципальный район,False,1.0,ok
городской округ Волоколамский,False,1.0,ok
городской округ Семеновский,False,1.0,ok
Кайбицкий муниципальный район,False,1.0,ok
Ольхонский муниципальный район,False,1.0,ok
Новоселицкий муниципальный округ,False,1.0,ok
муниципальный округ Новоржевский,False,1.0,ok
Мценский муниципальный район,False,1.0,ok
Сафоновский муниципальный район,False,1.0,ok
Гаврилово-Посадский муниципальный район,False,1.0,ok
Сафакулевский муниципальный округ,False,1.0,ok
Пинежский муниципальный округ,False,1.0,ok
Тарбагатайский муниципальный район,False,1.0,ok
внутригородская территория города федерального значения поселение Рязановское,False,1.0,ok
Боровский муниципальный район,False,1.0,ok
Назаровский муниципальный район,False,1.0,ok
Барун-Хемчикский муниципальный район,False,1.0,ok
внутригородская территория города федерального значения муниципальный округ Адмиралтейский округ,False,1.0,ok
городской округ Сыктывкар,False,1.0,ok
Залесовский муниципальный округ,False,1.0,ok
Тамалинский муниципальный район,False,1.0,ok
городской округ город Мурманск,False,1.0,ok
Белохолуницкий муниципальный район,False,1.0,ok
городской округ Чебаркульский,False,1.0,ok
Бутурлинский муниципальный округ,False,1.0,ok
муниципальный округ Волотовский,False,1.0,ok
Ахтубинский муниципальный район,False,1.0,ok
городской округ Сызрань,False,1.0,ok
городской округ город Салехард,False,1.0,ok
Сосковский муниципальный район,False,1.0,ok
городской округ Верхнесалдинский,False,1.0,ok
городской округ город Киров,False,1.0,ok
городской округ город Абакан,False,1.0,ok
муниципальный округ Тазовский район,False,1.0,ok
внутригородская территория города федерального значения муниципальный округ Народный,False,1.0,ok
муниципальный округ Санчурский,False,1.0,ok
городской округ Магнитогорский,False,1.0,ok
Байкаловский муниципальный район,False,1.0,ok
Коченевский муниципальный район,False,1.0,ok
муниципальный округ Молоковский,False,1.0,ok
городской округ город Новосибирск,False,1.0,ok
городской округ город Новоульяновск,False,1.0,ok
Прилузский муниципальный район,False,1.0,ok
внутригородская территория города федерального значения поселок Усть-Ижора,False,1.0,ok
Бузулукский муниципальный район,False,1.0,ok
Саткинский муниципальный район,False,1.0,ok
Суровикинский муниципальный район,False,1.0,ok
Кваркенский муниципальный район,False,1.0,ok
Орджоникидзевский муниципальный район,False,1.0,ok
Нагорский муниципальный район,False,1.0,ok
муниципальный округ Озерский,False,1.0,ok
внутригородская территория города федерального значения муниципальный округ Константиновское,False,1.0,ok
Собинский муниципальный район,False,1.0,ok
городской округ Пермский,False,1.0,ok
Арзгирский муниципальный округ,False,1.0,ok
Мучкапский муниципальный округ,False,1.0,ok
Усть-Кубинский муниципальный округ,False,1.0,ok
Усманский муниципальный район,False,1.0,ok
Анабарский национальный (долгано-эвенкийский) муниципальный район,False,1.0,ok
Бийский муниципальный район,False,1.0,ok
Половинский муниципальный округ,False,1.0,ok
Идринский муниципальный район,False,1.0,ok
внутригородская территория города федерального значения муниципальный округ Таганский,False,1.0,ok
муниципальный округ Завьяловский район,False,1.0,ok
городской округ Курильский,False,1.0,ok
муниципальный округ Оленинский,False,1.0,ok
городской округ Тайгинский,False,1.0,ok
Онгудайский муниципальный район,False,1.0,ok
Манский муниципальный район,False,1.0,ok
Сыктывдинский муниципальный район,False,1.0,ok
Теучежский муниципальный район,False,1.0,ok
внутригородская территория города федерального значения муниципальный округ Коптево,False,1.0,ok
Шацкий муниципальный район,False,1.0,ok
Чердаклинский муниципальный район,False,1.0,ok
внутригородская территория города федерального значения муниципальный округ № 21,False,1.0,ok
городской округ Петропавловск-Камчатский,False,1.0,ok
городской округ Лосино-Петровский,False,1.0,ok
городской округ город Мегион,False,1.0,ok
Дорогобужский муниципальный район,False,1.0,ok
городской округ Сухой Лог,False,1.0,ok
городской округ Удомельский,False,1.0,ok
внутригородская территория города федерального значения муниципальный округ Старое Крюково,False,1.0,ok
Кыринский муниципальный район,False,1.0,ok
Сергиевский муниципальный район,False,1.0,ok
Пителинский муниципальный район,False,1.0,ok
муниципальный округ Кишертский,False,1.0,ok
городской округ город Ижевск,False,1.0,ok
городской округ город Воткинск,False,1.0,ok
городской округ город Октябрьский,False,1.0,ok
Калганский муниципальный округ,False,1.0,ok
Палкинский муниципальный район,False,1.0,ok
Лодейнопольский муниципальный район,False,1.0,ok
Камешковский муниципальный район,False,1.0,ok
Томпонский муниципальный район,False,1.0,ok
Оймяконский муниципальный район,False,1.0,ok
городской округ город Новодвинск,False,1.0,ok
муниципальный округ Граховский район,False,1.0,ok
городской округ город Архангельск,False,1.0,ok
Бугурусланский муниципальный район,False,1.0,ok
Новичихинский муниципальный район,False,1.0,ok
Ртищевский муниципальный район,False,1.0,ok
Няндомский муниципальный округ,False,1.0,ok
городской округ город Пыть-Ях,False,1.0,ok
Оричевский муниципальный район,False,1.0,ok
городской округ Верхнеуфалейский,False,1.0,ok
Ужурский муниципальный район,False,1.0,ok
городской округ город Искитим,False,1.0,ok
Никольский муниципальный район,False,1.0,ok
городской округ Перевозский,False,1.0,ok
внутригородская территория города федерального значения муниципальный округ Кузьминки,False,1.0,ok
муниципальный округ Печорский,False,1.0,ok
муниципальный округ Селтинский район,False,1.0,ok
Плесецкий муниципальный округ,False,1.0,ok
городской округ Иваново,False,1.0,ok
внутригородская территория города федерального значения муниципальный округ Черемушки,False,1.0,ok
внутригородская территория города федерального значения муниципальный округ Покровское-Стрешнево,False,1.0,ok
Балашовский муниципальный район,False,1.0,ok
Ольховский муниципальный район,False,1.0,ok
Угличский муниципальный район,False,1.0,ok
Альшеевский муниципальный район,False,1.0,ok
городской округ Похвистнево,False,1.0,ok
Кирсановский муниципальный округ,False,1.0,ok
Большеглушицкий муниципальный район,False,1.0,ok
Судиславский муниципальный район,False,1.0,ok
внутригородская территория города федерального значения муниципальный округ Силино,False,1.0,ok
муниципальный округ Юрлинский,False,1.0,ok
Измалковский муниципальный район,False,1.0,ok
Кольчугинский муниципальный район,False,1.0,ok
городской округ Заречный,False,1.0,ok
внутригородская территория города федерального значения город Сестрорецк,False,1.0,ok
Даниловский муниципальный район,True,2.0,дубль названия у Сбера
Нукутский муниципальный район,False,1.0,ok
Краснокамский муниципальный район,False,1.0,ok
Читинский муниципальный район,False,1.0,ok
Мирнинский муниципальный район,False,1.0,ok
Прикубанский муниципальный район,False,1.0,ok
Мошковский муниципальный район,False,1.0,ok
городской округ Верхотурский,False,1.0,ok
городской округ город Енисейск,False,1.0,ok
Ульчский муниципальный район,False,1.0,ok
Сковородинский муниципальный округ,False,1.0,ok
внутригородская территория города федерального значения муниципальный округ Митино,False,1.0,ok
городской округ город Коряжма,False,1.0,ok
городской округ город Петровск-Забайкальский,False,1.0,ok
внутригородская территория города федерального значения муниципальный округ Южное Медведково,False,1.0,ok
Кусинский муниципальный район,False,1.0,ok
Сут-Хольский муниципальный район,False,1.0,ok
внутригородская территория города федерального значения муниципальный округ Гражданка,False,1.0,ok
Краснокутский муниципальный район,False,1.0,ok
городской округ Лотошино,False,1.0,ok
Юргинский муниципальный район,False,1.0,ok
Илекский муниципальный район,False,1.0,ok
внутригородская территория города федерального значения муниципальный округ Очаково-Матвеевское,False,1.0,ok
внутригородская территория города федерального значения муниципальный округ Молжаниновский,False,1.0,ok
Лев-Толстовский муниципальный район,False,1.0,ok
внутригородская территория города федерального значения муниципальный округ Крылатское,False,1.0,ok
Батецкий муниципальный район,False,1.0,ok
Верховский муниципальный район,False,1.0,ok
городской округ город Тында,False,1.0,ok
Земетчинский муниципальный район,False,1.0,ok
городской округ город Екатеринбург,False,1.0,ok
Тоцкий муниципальный район,False,1.0,ok
внутригородская территория города федерального значения муниципальный округ Остров Декабристов,False,1.0,ok
городской округ Одинцовский,False,1.0,ok
Сосновский муниципальный район,False,1.0,ok
городской округ Навашинский,False,1.0,ok
городской округ Прокопьевский,False,1.0,ok
муниципальный округ Суетский район,False,1.0,ok
Момский муниципальный район,False,1.0,ok
Колосовский муниципальный район,False,1.0,ok
Моршанский муниципальный округ,False,1.0,ok
Викуловский муниципальный район,False,1.0,ok
Чаа-Хольский муниципальный район,False,1.0,ok
Эрзинский муниципальный район,False,1.0,ok
Радищевский муниципальный район,False,1.0,ok
Чемальский муниципальный район,False,1.0,ok
Кинель-Черкасский муниципальный район,False,1.0,ok
Всеволожский муниципальный район,False,1.0,ok
Таттинский муниципальный район,False,1.0,ok
Олонецкий муниципальный район,False,1.0,ok
Глинковский муниципальный район,False,1.0,ok
Ярковский муниципальный район,False,1.0,ok
городской округ город Магас,False,1.0,ok
Озинский муниципальный район,False,1.0,ok
Гудермесский муниципальный район,False,1.0,ok
Пудожский муниципальный район,False,1.0,ok
Кумторкалинский муниципальный район,False,1.0,ok
Надеждинский муниципальный район,False,1.0,ok
Яковлевский муниципальный округ,False,1.0,ok
Исетский муниципальный район,False,1.0,ok
Никольский муниципальный округ,False,1.0,ok
Цильнинский муниципальный район,False,1.0,ok
городской округ Анивский,False,1.0,ok
Тяжинский муниципальный округ,False,1.0,ok
муниципальный округ Алнашский район,False,1.0,ok
Притобольный муниципальный округ,False,1.0,ok
муниципальный округ Багратионовский,False,1.0,ok
Угловский муниципальный район,False,1.0,ok
Сергокалинский муниципальный район,False,1.0,ok
Рыбно-Слободский муниципальный район,False,1.0,ok
Баргузинский муниципальный район,False,1.0,ok
внутригородская территория города федерального значения муниципальный округ Можайский,False,1.0,ok
внутригородская территория города федерального значения муниципальный округ Южнопортовый,False,1.0,ok
Тогучинский муниципальный район,False,1.0,ok
Ивантеевский муниципальный район,False,1.0,ok
Тепло-Огаревский муниципальный район,False,1.0,ok
Новгородский муниципальный район,False,1.0,ok
Мензелинский муниципальный район,False,1.0,ok
Тотемский муниципальный округ,False,1.0,ok
Майнский муниципальный район,False,1.0,ok
городской округ город Саяногорск,False,1.0,ok
муниципальный округ Пыталовский,False,1.0,ok
Юринский муниципальный район,False,1.0,ok
городской округ Светлогорский,False,1.0,ok
Дигорский муниципальный район,False,1.0,ok
Спас-Деменский муниципальный район,False,1.0,ok
городской округ Горноуральский,False,1.0,ok
Макарьевский муниципальный район,False,1.0,ok
внутригородская территория города федерального значения муниципальный округ Волковское,False,1.0,ok
Зианчуринский муниципальный район,False,1.0,ok
Киквидзенский муниципальный район,False,1.0,ok
городской округ город Владикавказ,False,1.0,ok
Октябрьский муниципальный округ,False,1.0,ok
городской округ Долинский,False,1.0,ok
внутригородская территория города федерального значения муниципальный округ Текстильщики,False,1.0,ok
Белоярский муниципальный район,False,1.0,ok
Новоселовский муниципальный район,False,1.0,ok
Солигаличский муниципальный округ,False,1.0,ok
Зейский муниципальный округ,False,1.0,ok
городской округ город Кизилюрт,False,1.0,ok
Мелекесский муниципальный район,False,1.0,ok
Холмский муниципальный район,False,1.0,ok
внутригородская территория города федерального значения муниципальный округ Новокосино,False,1.0,ok
внутригородская территория города федерального значения муниципальный округ Раменки,False,1.0,ok
Атнинский муниципальный район,False,1.0,ok
Нолинский муниципальный район,False,1.0,ok
