mo_name,k,t,sber_dup,mo_id,status
Бай-Тайгинский муниципальный район,бай тайгинский,mr,False,9360500020,ok
Красночетайский муниципальный округ,красночетайский,mo,False,9752600000,ok
Тербунский муниципальный район,тербунский,mr,False,4264500000,ok
Гаврилов-Ямский муниципальный район,гаврилов ямский,mr,False,7861200000,ok
Кичменгско-Городецкий муниципальный округ,кичменгско городецкий,mo,False,1953000000,ok
Михайловский муниципальный район,михайловский,mr,True,,дубль названия у Сбера
городской округ Ивдельский,ивдельский,go,False,6573800001,ok
муниципальный округ Опочецкий,опочецкий,mo,False,5852900000,ok
внутригородская территория города федерального значения муниципальный округ Северное Бутово,северное бутово,city_part,False,4590600000,ok
Козельский муниципальный район,козельский,mr,False,2961600000,ok
городской округ город Дзержинск,дзержинск,go,False,2272100000,ok
муниципальный округ Кунгурский,кунгурский,mo,False,5753000000,ok
Ханкайский муниципальный округ,ханкайский,mo,False,0554600000,ok
Дальнереченский муниципальный район,дальнереченский,mr,False,0560700000,ok
Туймазинский муниципальный район,туймазинский,mr,False,8065100000,ok
Балахтинский муниципальный район,балахтинский,mr,False,0460400000,ok
Чистопольский муниципальный район,чистопольский,mr,False,9265900000,ok
Сакмарский муниципальный район,сакмарский,mr,False,5364000000,ok
городской округ город Дивногорск,дивногорск,go,False,0470900000,ok
муниципальный округ Черняховский,черняховский,mo,False,2753900000,ok
внутригородская территория города федерального значения муниципальный округ Гольяново,гольяново,city_part,False,4530500000,ok
Тихвинский муниципальный район,тихвинский,mr,False,4164500000,ok
Майский муниципальный район,майский,mr,False,8362000000,ok
Юрьянский муниципальный район,юрьянский,mr,False,3364900000,ok
городской округ Находкинский,находкинский,go,False,0571400000,ok
городской округ Жатай,жатай,go,False,9870200010,ok
Новоспасский муниципальный район,новоспасский,mr,False,7362900000,ok
городской округ город Медногорск,медногорск,go,False,5371500000,ok
Шатковский муниципальный округ,шатковский,mo,False,2255700000,ok
Горный муниципальный район,горный,mr,False,9862000010,ok
городской округ город Казань,казань,go,False,9270100000,ok
Ядринский муниципальный округ,ядринский,mo,False,9755300000,ok
городской округ Миасский,миасский,go,False,7574200000,ok
Рославльский муниципальный район,рославльский,mr,False,6663600000,ok
внутригородская территория города федерального значения муниципальный округ Сокольники,сокольники,city_part,False,4531500000,ok
муниципальный округ Пеновский,пеновский,mo,False,2854600000,ok
городской округ город Тамбов,тамбов,go,False,6870100000,ok
Вяземский муниципальный район,вяземский,mr,True,,дубль названия у Сбера
Ирбейский муниципальный район,ирбейский,mr,False,0461900000,ok
Алданский муниципальный район,алданский,mr,False,9860300010,ok
Тоджинский муниципальный район,тоджинский,mr,False,9365000010,ok
городской округ Серовский,серовский,go,False,6575600000,ok
внутригородская территория города федерального значения муниципальный округ Савеловский,савеловский,city_part,False,,не найдено/неоднозначно
Ногайский муниципальный район,ногайский,mr,True,,дубль названия у Сбера
внутригородская территория города федерального значения муниципальный округ Рязанский,рязанский,city_part,False,4539400000,ok
Таштыпский муниципальный район,таштыпский,mr,False,9562500000,ok
городской округ город Димитровград,димитровград,go,False,7370500000,ok
городской округ Голышмановский,голышмановский,go,False,7170200000,ok
Шекснинский муниципальный район,шекснинский,mr,False,1965800000,ok
внутригородская территория города федерального значения муниципальный округ № 7,7,city_part,False,,не найдено/неоднозначно
Островский муниципальный район,островский,mr,False,5863300000,ok
Екатериновский муниципальный район,екатериновский,mr,False,6361600000,ok
Большеуковский муниципальный район,большеуковский,mr,False,5260600000,ok
городской округ Осинниковский,осинниковский,go,False,3273400000,ok
Сергачский муниципальный округ,сергачский,mo,False,2254800000,ok
Чеди-Хольский муниципальный район,чеди хольский,mr,False,9365700020,ok
Надтеречный муниципальный район,надтеречный,mr,False,9661600000,ok
Валдайский муниципальный район,валдайский,mr,False,4960800000,ok
Туркменский муниципальный округ,туркменский,mo,False,0755600000,ok
городской округ Богородский,богородский,go,False,4675100000,ok
городской округ город Усть-Илимск,усть илимск,go,False,2573800020,ok
внутригородская территория города федерального значения муниципальный округ Комендантский аэродром,комендантский аэродром,city_part,False,4032400000,ok
Верхнетоемский муниципальный округ,верхнетоемский,mo,False,1150800020,ok
Чановский муниципальный район,чановский,mr,False,5065600000,ok
Моркинский муниципальный район,моркинский,mr,False,8863200000,ok
внутригородская территория города федерального значения муниципальный округ Хамовники,хамовники,city_part,False,4538300000,ok
Токарёвский муниципальный округ,токаревский,mo,False,6854200000,ok
Красносельский муниципальный район,красносельский,mr,False,3461600000,ok
Аксубаевский муниципальный район,аксубаевский,mr,False,9260400000,ok
Панкрушихинский муниципальный район,панкрушихинский,mr,False,0163100000,ok
городской округ Богданович,богданович,go,False,6570700000,ok
Шарангский муниципальный округ,шарангский,mo,False,2255600000,ok
Бейский муниципальный район,бейский,mr,False,9561200000,ok
Приволжский муниципальный район,приволжский,mr,True,,дубль названия у Сбера
Прионежский муниципальный район,прионежский,mr,False,8663600020,ok
Чугуевский муниципальный округ,чугуевский,mo,False,0555500000,ok
Исаклинский муниципальный район,исаклинский,mr,False,3661600000,ok
городской округ Североуральский,североуральский,go,False,6575500000,ok
муниципальный округ Конаковский,конаковский,mo,False,2853000000,ok
городской округ Зарайск,зарайск,go,False,4672900000,ok
муниципальный округ Бежецкий,бежецкий,mo,False,2850400000,ok
муниципальный округ Локнянский,локнянский,mo,False,5851800000,ok
городской округ Абдулинский,абдулинский,go,False,5370400000,ok
Здвинский муниципальный район,здвинский,mr,False,5061300000,ok
городской округ Дубна,дубна,go,False,4671800000,ok
Сызранский муниципальный район,сызранский,mr,False,3664200000,ok
Гавриловский муниципальный округ,гавриловский,mo,False,6850300000,ok
Катангский муниципальный район,катангский,mr,False,2561600011,ok
Зилаирский муниципальный район,зилаирский,mr,False,8062700000,ok
Табунский муниципальный район,табунский,mr,False,0164600000,ok
Любинский муниципальный район,любинский,mr,False,5262900000,ok
Сосновоборский муниципальный район,сосновоборский,mr,False,5665700000,ok
муниципальный округ Мошенской,мошенской,mo,False,4952400000,ok
внутригородская территория города федерального значения городской округ Щербинка,щербинка,city_part,False,4593200000,ok
Судогодский муниципальный район,судогодский,mr,False,1765200000,ok
Абатский муниципальный район,абатский,mr,False,7160300000,ok
городской округ город-курорт Пятигорск,курорт пятигорск,go,False,0772700000,ok
городской округ Дальнегорский,дальнегорский,go,False,0570700020,ok
Лежневский муниципальный район,лежневский,mr,False,2461400000,ok
Юрьев-Польский муниципальный район,юрьев польский,mr,False,1765600000,ok
Мариинский муниципальный округ,мариинский,mo,False,3251600000,ok
Ключевский муниципальный район,ключевский,mr,False,0161700000,ok
Каменский муниципальный район,каменский,mr,True,,дубль названия у Сбера
Елабужский муниципальный район,елабужский,mr,False,9262600000,ok
Челно-Вершинский муниципальный район,челно вершинский,mr,False,3664600000,ok
Павловский муниципальный район,павловский,mr,True,,дубль названия у Сбера
Тужинский муниципальный район,тужинский,mr,False,3363800000,ok
внутригородская территория города федерального значения муниципальный округ Московская застава,московская застава,city_part,False,4037300000,ok
Нерчинско-Заводский муниципальный округ,нерчинско заводский,mo,False,7653000000,ok
Молчановский муниципальный район,молчановский,mr,False,6964000021,ok
Жердевский муниципальный округ,жердевский,mo,False,6850400000,ok
внутригородская территория города федерального значения муниципальный округ Горелово,горелово,city_part,False,4035900000,ok
внутригородская территория города федерального значения муниципальный округ Новоизмайловское,новоизмайловское,city_part,False,4037500000,ok
городской округ город Котовск,котовск,go,False,6871000000,ok
Верхнеуральский муниципальный район,верхнеуральский,mr,False,7561700000,ok
внутригородская территория города федерального значения муниципальный округ Невская застава,невская застава,city_part,False,4037800000,ok
Тюменский муниципальный район,тюменский,mr,False,7164400000,ok
Иланский муниципальный район,иланский,mr,False,0461800000,ok
Баунтовский эвенкийский муниципальный район,баунтовский эвенкийский,mr,False,8160600021,ok
Ардонский муниципальный район,ардонский,mr,False,9061000000,ok
Сретенский муниципальный район,сретенский,mr,False,7664000000,ok
муниципальный округ Неманский,неманский,mo,False,2751400000,ok
городской округ город Назрань,назрань,go,False,2670600000,ok
Краснопартизанский муниципальный район,краснопартизанский,mr,False,6362400000,ok
Никифоровский муниципальный округ,никифоровский,mo,False,6852000000,ok
городской округ Котельники,котельники,go,False,4673900000,ok
Охотский муниципальный округ,охотский,mo,False,0853400011,ok
городской округ город Нижний Новгород,нижний новгород,go,False,2270100000,ok
Чойский муниципальный район,чойский,mr,False,8464500001,ok
Вешкаймский муниципальный район,вешкаймский,mr,False,7360700000,ok
городской округ Реутов,реутов,go,False,4676400000,ok
Сунский муниципальный район,сунский,mr,False,3363700000,ok
муниципальный округ Фировский,фировский,mo,False,2855700000,ok
внутригородская территория города федерального значения муниципальный округ Измайловское,измайловское,city_part,False,4030500000,ok
городской округ город Кумертау,кумертау,go,False,8072300000,ok
Нанайский муниципальный район,нанайский,mr,False,0862800001,ok
городской округ город Саратов,саратов,go,False,6370100000,ok
городской округ рабочий поселок Новогуровский,новогуровский,go,False,7070200000,ok
Кочубеевский муниципальный округ,кочубеевский,mo,False,0752800000,ok
Ленский муниципальный район,ленский,mr,True,,дубль названия у Сбера
Уватский муниципальный район,уватский,mr,False,7164800021,ok
муниципальный округ Краснохолмский,краснохолмский,mo,False,2853200000,ok
Алексеевский муниципальный район,алексеевский,mr,True,,дубль названия у Сбера
городской округ Верещагинский,верещагинский,go,False,5771200000,ok
Баймакский муниципальный район,баймакский,mr,False,8060600000,ok
Старомайнский муниципальный район,старомайнский,mr,False,7364200000,ok
Болховский муниципальный район,болховский,mr,False,5460400000,ok
городской округ Чердынский,чердынский,go,False,5775600000,ok
муниципальный округ Селижаровский,селижаровский,mo,False,2855000000,ok
внутригородская территория города федерального значения муниципальный округ Теплый Стан,теплый стан,city_part,False,4590700000,ok
Урупский муниципальный район,урупский,mr,False,9163000000,ok
городской округ Копейский,копейский,go,False,7572800000,ok
внутригородская территория города федерального значения муниципальный округ Люблино,люблино,city_part,False,4538900000,ok
Сосновский муниципальный округ,сосновский,mo,True,,дубль названия у Сбера
городской округ Солнечногорск,солнечногорск,go,False,4677100000,ok
муниципальный округ Верхнекамский,верхнекамский,mo,False,3350700000,ok
городской округ город Торжок,торжок,go,False,2875000000,ok
Лескенский муниципальный район,лескенский,mr,False,8361800000,ok
Наровчатский муниципальный район,наровчатский,mr,False,5664700000,ok
Омутнинский муниципальный район,омутнинский,mr,False,3362800000,ok
городской округ город Южно-Сухокумск,южно сухокумск,go,False,8273800000,ok
городской округ город Ставрополь,ставрополь,go,False,0770100000,ok
муниципальный округ Славский,славский,mo,False,2752700000,ok
Северо-Байкальский муниципальный район,северо байкальский,mr,False,8164500021,ok
Олекминский муниципальный район,олекминский,mr,False,9864100010,ok
Каргатский муниципальный район,каргатский,mr,False,5061900000,ok
Парфеньевский муниципальный округ,парфеньевский,mo,False,3453400000,ok
внутригородская территория города федерального значения город Пушкин,пушкин,city_part,False,4039700000,ok
Болотнинский муниципальный район,болотнинский,mr,False,5060600000,ok
Бурзянский муниципальный район,бурзянский,mr,False,8061900000,ok
внутригородская территория города федерального значения муниципальный округ Большая Охта,большая охта,city_part,False,4034900000,ok
городской округ город Выкса,выкса,go,False,2271500000,ok
городской округ город Кизел,кизел,go,False,5771900000,ok
Ижморский муниципальный округ,ижморский,mo,False,3250400000,ok
городской округ Невьянский,невьянский,go,False,6571400000,ok
городской округ город Йошкар-Ола,йошкар ола,go,False,8870100000,ok
Казанский муниципальный район,казанский,mr,False,7163000000,ok
Учалинский муниципальный район,учалинский,mr,False,8065300000,ok
городской округ город Камышин,камышин,go,False,1871500000,ok
городской округ Мамоновский,мамоновский,go,False,2771200000,ok
Москаленский муниципальный район,москаленский,mr,False,5263200000,ok
муниципальный округ Уинский,уинский,mo,False,5755200000,ok
Холмогорский муниципальный округ,холмогорский,mo,False,1155600020,ok
Дюртюлинский муниципальный район,дюртюлинский,mr,False,8062400000,ok
Кардымовский муниципальный район,кардымовский,mr,False,6662300000,ok
Новосергиевский муниципальный район,новосергиевский,mr,False,5363100000,ok
Асиновский муниципальный район,асиновский,mr,False,6960800000,ok
городской округ Соликамский,соликамский,go,False,5773000000,ok
городской округ Гаринский,гаринский,go,False,6571000000,ok
Милославский муниципальный район,милославский,mr,False,6161500000,ok
муниципальный округ Еловский,еловский,mo,False,5751800000,ok
внутригородская территория города федерального значения муниципальный округ Купчино,купчино,city_part,False,4090400000,ok
городской округ город Боготол,боготол,go,False,0470600000,ok
Пестравский муниципальный район,пестравский,mr,False,3663200000,ok
Перелюбский муниципальный район,перелюбский,mr,False,6363400000,ok
внутригородская территория города федерального значения поселение Кленовское,кленовское,city_part,False,4594600000,ok
Намский муниципальный район,намский,mr,False,9863500010,ok
внутригородская территория города федерального значения муниципальный округ Соколиная гора,соколиная гора,city_part,False,4531400000,ok
Параньгинский муниципальный район,параньгинский,mr,False,8864400000,ok
городской округ Арамильский,арамильский,go,False,6572900000,ok
внутригородская территория города федерального значения муниципальный округ Косино-Ухтомский,косино ухтомский,city_part,False,,не найдено/неоднозначно
внутригородская территория города федерального значения муниципальный округ Лосиноостровский,лосиноостровский,city_part,False,,не найдено/неоднозначно
Атяшевский муниципальный район,атяшевский,mr,False,8960700000,ok
Альменевский муниципальный округ,альменевский,mo,False,3750200000,ok
городской округ город Козьмодемьянск,козьмодемьянск,go,False,8871500000,ok
Жирновский муниципальный район,жирновский,mr,False,1861200000,ok
Ершовский муниципальный район,ершовский,mr,False,6361700000,ok
городской округ город Иркутск,иркутск,go,False,,не найдено/неоднозначно
Адамовский муниципальный район,адамовский,mr,False,5360400000,ok
Емельяновский муниципальный район,емельяновский,mr,False,0461400000,ok
городской округ Беловский,беловский,go,False,3270700000,ok
Приютненский муниципальный район,приютненский,mr,False,8562800000,ok
Агаповский муниципальный район,агаповский,mr,False,7560300000,ok
городской округ город Нягань,нягань,go,False,7187900020,ok
Александровский муниципальный район,александровский,mr,True,,дубль названия у Сбера
внутригородская территория города федерального значения муниципальный округ Юго-Запад,юго запад,city_part,False,4035400000,ok
Нефтегорский муниципальный район,нефтегорский,mr,False,3663000000,ok
Турковский муниципальный район,турковский,mr,False,6364700000,ok
Каргапольский муниципальный округ,каргапольский,mo,False,3751000000,ok
Доволенский муниципальный район,доволенский,mr,False,5061000000,ok
муниципальный округ Лесной,лесной,mo,False,2853600000,ok
Сортавальский муниципальный район,сортавальский,mr,False,8661000020,ok
городской округ Кинель,кинель,go,False,3670800000,ok
городской округ Среднеуральск,среднеуральск,go,False,6575700000,ok
муниципальный округ Кизнерский район,кизнерский,mo,False,9452600000,ok
Рыбинский муниципальный район,рыбинский,mr,True,,дубль названия у Сбера
Старорусский муниципальный район,старорусский,mr,False,4963900000,ok
внутригородская территория города федерального значения муниципальный округ Пресненский,пресненский,city_part,False,,не найдено/неоднозначно
внутригородская территория города федерального значения муниципальный округ Ховрино,ховрино,city_part,False,4534700000,ok
Междуреченский муниципальный округ,междуреченский,mo,False,1953200000,ok
городской округ Раменский,раменский,go,False,4676800000,ok
внутригородская территория города федерального значения муниципальный округ Гавань,гавань,city_part,False,4030900000,ok
Родниковский муниципальный район,родниковский,mr,False,2462300000,ok
Орловский муниципальный район,орловский,mr,False,,не найдено/неоднозначно
Демидовский муниципальный район,демидовский,mr,False,6661100000,ok
Кормиловский муниципальный район,кормиловский,mr,False,5262300000,ok
Советско-Гаванский муниципальный район,советско гаванский,mr,False,0864200021,ok
городской округ Зима,зима,go,False,,не найдено/неоднозначно
внутригородская территория города федерального значения поселение Кокошкино,кокошкино,city_part,False,4594700000,ok
городской округ Староуткинск,староуткинск,go,False,6576600000,ok
городской округ город Шарья,шарья,go,False,3473000000,ok
городской округ город Чита,чита,go,False,7670100000,ok
Дергачевский муниципальный район,дергачевский,mr,False,6361300000,ok
внутригородская территория города федерального значения муниципальный округ Введенский,введенский,city_part,False,4038900000,ok
городской округ город Шиханы,шиханы,go,False,6374600000,ok
Жуковский муниципальный район,жуковский,mr,False,2961300000,ok
Череповецкий муниципальный район,череповецкий,mr,False,1965600000,ok
Зубово-Полянский муниципальный район,зубово полянский,mr,False,8962100000,ok
Александрово-Заводский муниципальный округ,александрово заводский,mo,False,7650400000,ok
городской округ Тейково,тейково,go,False,2470700000,ok
Богатовский муниципальный район,богатовский,mr,False,3660600000,ok
Егорьевский муниципальный район,егорьевский,mr,False,0160900000,ok
внутригородская территория города федерального значения муниципальный округ № 54,54,city_part,False,,не найдено/неоднозначно
Псковский муниципальный район,псковский,mr,False,5864900000,ok
внутригородская территория города федерального значения муниципальный округ Аэропорт,аэропорт,city_part,False,4533300000,ok
Оршанский муниципальный район,оршанский,mr,False,8864000000,ok
внутригородская территория города федерального значения муниципальный округ Сокол,сокол,city_part,False,4534500000,ok
городской округ город Новочебоксарск,новочебоксарск,go,False,,не найдено/неоднозначно
Салаватский муниципальный район,салаватский,mr,False,8064700000,ok
Нуримановский муниципальный район,нуримановский,mr,False,8064500000,ok
городской округ город Владимир,владимир,go,False,1770100000,ok
Усть-Абаканский муниципальный район,усть абаканский,mr,False,9563000000,ok
Чучковский муниципальный район,чучковский,mr,False,6165300000,ok
Нижнеколымский муниципальный район,нижнеколымский,mr,False,9863700010,ok
городской округ Эгвекинот,эгвекинот,go,False,7771500011,ok
муниципальный округ Бологовский,бологовский,mo,False,2850800000,ok
Пряжинский муниципальный район,пряжинский,mr,False,8663900020,ok
Кирово-Чепецкий муниципальный район,кирово чепецкий,mr,False,3361800000,ok
Антроповский муниципальный район,антроповский,mr,False,3460200000,ok
Краснинский муниципальный район,краснинский,mr,True,,дубль названия у Сбера
Шипуновский муниципальный район,шипуновский,mr,False,0165900000,ok
муниципальный округ Шурышкарский район,шурышкарский,mo,False,7194600011,ok
городской округ Прохладный,прохладный,go,False,8371000000,ok
Октябрьский муниципальный район,октябрьский,mr,True,,дубль названия у Сбера
внутригородская территория города федерального значения муниципальный округ Ново-Переделкино,ново переделкино,city_part,False,4532200000,ok
Верхневилюйский муниципальный район,верхневилюйский,mr,False,9861400010,ok
городской округ Златоустовский,златоустовский,go,False,7571200000,ok
Первомайский муниципальный район,первомайский,mr,True,,дубль названия у Сбера
внутригородская территория города федерального значения муниципальный округ Малая Охта,малая охта,city_part,False,4035000000,ok
внутригородская территория города федерального значения муниципальный округ Северное Измайлово,северное измайлово,city_part,False,4531300000,ok
Кугарчинский муниципальный район,кугарчинский,mr,False,8063800000,ok
Тюльганский муниципальный район,тюльганский,mr,False,5365300000,ok
Советский муниципальный район,советский,mr,True,,дубль названия у Сбера
городской округ Чехов,чехов,go,False,4678400000,ok
городской округ Октябрьск,октябрьск,go,False,3671800000,ok
Стерлибашевский муниципальный район,стерлибашевский,mr,False,8064800000,ok
внутригородская территория города федерального значения муниципальный округ Москворечье-Сабурово,москворечье сабурово,city_part,False,4591700000,ok
Бабаевский муниципальный округ,бабаевский,mo,False,1950500000,ok
Агинский муниципальный район,агинский,mr,False,7680200000,ok
Нижнеломовский муниципальный район,нижнеломовский,mr,False,5665100000,ok
Называевский муниципальный район,называевский,mr,False,5263600000,ok
муниципальный округ Сандовский,сандовский,mo,False,2854900000,ok
городской округ Шатура,шатура,go,False,4678600000,ok
Ярцевский муниципальный район,ярцевский,mr,False,6665800000,ok
городской округ Сосновоборский,сосновоборский,go,False,4175400000,ok
городской округ город Стрежевой,стрежевой,go,False,6971000021,ok
Килемарский муниципальный район,килемарский,mr,False,8861600000,ok
городской округ город Стерлитамак,стерлитамак,go,False,8074500000,ok
Неверкинский муниципальный район,неверкинский,mr,False,5664900000,ok
Шумерлинский муниципальный округ,шумерлинский,mo,False,9755000000,ok
Александровский муниципальный округ,александровский,mo,False,,не найдено/неоднозначно
Колышлейский муниципальный район,колышлейский,mr,False,5663300000,ok
Локтевский муниципальный район,локтевский,mr,False,0162500000,ok
городской округ город Орёл,орел,go,False,5470100000,ok
Шебалинский муниципальный район,шебалинский,mr,False,8465000000,ok
Шелеховский муниципальный район,шелеховский,mr,False,2565500000,ok
Пограничный муниципальный округ,пограничный,mo,False,0553200000,ok
внутригородская территория города федерального значения муниципальный округ Южное Бутово,южное бутово,city_part,False,4590900000,ok
муниципальный округ Крестецкий,крестецкий,mo,False,4951400000,ok
Казачинско-Ленский муниципальный район,казачинско ленский,mr,False,2561400020,ok
Чунский муниципальный район,чунский,mr,False,2565000000,ok
Газимуро-Заводский муниципальный округ,газимуро заводский,mo,False,7651000000,ok
Терский муниципальный район,терский,mr,True,,дубль названия у Сбера
Дуванский муниципальный район,дуванский,mr,False,8062300000,ok
Улуг-Хемский муниципальный район,улуг хемский,mr,False,9365400020,ok
городской округ Красноуральск,красноуральск,go,False,6574600000,ok
Амгинский муниципальный район,амгинский,mr,False,9860800010,ok
Варненский муниципальный район,варненский,mr,False,7561400000,ok
городской округ Артемовский,артемовский,go,True,,дубль названия у Сбера
Велижский муниципальный район,велижский,mr,False,6660300000,ok
Ершичский муниципальный район,ершичский,mr,False,6662100000,ok
Княгининский муниципальный округ,княгининский,mo,False,2253300000,ok
внутригородская территория города федерального значения муниципальный округ Светлановское,светлановское,city_part,False,4031500000,ok
Шербакульский муниципальный район,шербакульский,mr,False,5265900000,ok
городской округ Лобня,лобня,go,False,4674000000,ok
городской округ Коломна,коломна,go,False,4673800000,ok
муниципальный округ Андреапольский,андреапольский,mo,False,2850200000,ok
внутригородская территория города федерального значения муниципальный округ Южно-Приморский,южно приморский,city_part,False,4035500000,ok
Шарлыкский муниципальный район,шарлыкский,mr,False,5365600000,ok
городской округ город Нижний Тагил,нижний тагил,go,False,6575100000,ok
Бердюжский муниципальный район,бердюжский,mr,False,7161000000,ok
городской округ Лысьвенский,лысьвенский,go,False,5772600000,ok
Лухский муниципальный район,лухский,mr,False,2461500000,ok
Староюрьевский муниципальный округ,староюрьевский,mo,False,6853600000,ok
Уваровский муниципальный округ,уваровский,mo,False,6854400000,ok
Иркутский муниципальный район,иркутский,mr,False,2561200000,ok
внутригородская территория города федерального значения муниципальный округ Нарвский округ,нарвский,city_part,False,4033900000,ok
Ялуторовский муниципальный район,ялуторовский,mr,False,7165600000,ok
Теньгушевский муниципальный район,теньгушевский,mr,False,8965100000,ok
Кадыйский муниципальный район,кадыйский,mr,False,3461000000,ok
городской округ Владивостокский,владивостокский,go,False,0570100000,ok
Лаишевский муниципальный район,лаишевский,mr,False,9263400000,ok
Хайбуллинский муниципальный район,хайбуллинский,mr,False,8065500000,ok
Звениговский муниципальный район,звениговский,mr,False,8861200000,ok
Юстинский муниципальный район,юстинский,mr,False,8564600000,ok
Атюрьевский муниципальный район,атюрьевский,mr,False,8960500000,ok
Рязанский муниципальный район,рязанский,mr,False,6163400000,ok
Руднянский муниципальный район,руднянский,mr,True,,дубль названия у Сбера
городской округ Смирныховский,смирныховский,go,False,6474600020,ok
Саянский муниципальный район,саянский,mr,False,0464800000,ok
Мишкинский муниципальный округ,мишкинский,mo,False,3752200000,ok
Солтонский муниципальный район,солтонский,mr,False,0164400001,ok
муниципальный округ Сарапульский район,сарапульский,mo,False,9453700000,ok
Анадырский муниципальный район,анадырский,mr,False,7760300011,ok
Урицкий муниципальный район,урицкий,mr,False,5465500000,ok
муниципальный округ город Полярные Зори,полярные зори,mo,False,4752800010,ok
городской округ Дзержинский,дзержинский,go,False,4671100000,ok
городской округ город Лермонтов,лермонтов,go,False,0771800000,ok
Мегино-Кангаласский муниципальный район,мегино кангаласский,mr,False,9862900010,ok
Галичский муниципальный район,галичский,mr,False,3460800000,ok
Светлоярский муниципальный район,светлоярский,mr,False,1864900000,ok
Кяхтинский муниципальный район,кяхтинский,mr,False,8163300000,ok
Нижнеомский муниципальный район,нижнеомский,mr,False,5263900000,ok
Петропавловский муниципальный район,петропавловский,mr,False,,не найдено/неоднозначно
внутригородская территория города федерального значения поселок Парголово,парголово,city_part,False,4031300000,ok
Похвистневский муниципальный район,похвистневский,mr,False,3663400000,ok
городской округ город Гусь-Хрустальный,гусь хрустальный,go,False,1772000000,ok
муниципальный округ Бельский,бельский,mo,False,2850600000,ok
Крапивинский муниципальный округ,крапивинский,mo,False,3251000000,ok
Аткарский муниципальный район,аткарский,mr,False,6360400000,ok
городской округ город Великие Луки,великие луки,go,False,,не найдено/неоднозначно
Романовский муниципальный район,романовский,mr,True,,дубль названия у Сбера
муниципальный район Город Краснокаменск и Краснокаменский район,краснокаменск и краснокаменский,mr,False,7662100000,ok
муниципальный округ Гвардейский,гвардейский,mo,False,2750600000,ok
Шемуршинский муниципальный округ,шемуршинский,mo,False,9754700000,ok
Устюженский муниципальный округ,устюженский,mo,False,1955000000,ok
Городищенский муниципальный район,городищенский,mr,True,,дубль названия у Сбера
Тигильский муниципальный район,тигильский,mr,False,3083200011,ok
Черепановский муниципальный район,черепановский,mr,False,5065700000,ok
Базарно-Карабулакский муниципальный район,базарно карабулакский,mr,False,6360600000,ok
городской округ город Адыгейск,адыгейск,go,False,7970300000,ok
городской округ Павловский Посад,павловский посад,go,False,,не найдено/неоднозначно
Краснозерский муниципальный район,краснозерский,mr,False,5062700000,ok
Питкярантский муниципальный округ,питкярантский,mo,False,8653300020,ok
Харовский муниципальный округ,харовский,mo,False,1955200000,ok
Сасовский муниципальный округ,сасовский,mo,False,6154200000,ok
городской округ город Мичуринск,мичуринск,go,False,6871500000,ok
Усть-Таркский муниципальный район,усть таркский,mr,False,5065500000,ok
городской округ Арсеньевский,арсеньевский,go,False,0570300000,ok
Колпашевский муниципальный район,колпашевский,mr,False,6963200021,ok
городской округ Красноуфимск,красноуфимск,go,False,6574700000,ok
внутригородская территория города федерального значения муниципальный округ Нагатинский затон,нагатинский затон,city_part,False,4591900000,ok
Вожегодский муниципальный округ,вожегодский,mo,False,1951800000,ok
городской округ Черноголовка,черноголовка,go,False,4678100000,ok
городской округ город Моршанск,моршанск,go,False,6872000000,ok
Топкинский муниципальный округ,топкинский,mo,False,3253100000,ok
городской округ город Волгореченск,волгореченск,go,False,3470600000,ok
Гатчинский муниципальный район,гатчинский,mr,False,4161800000,ok
Починковский муниципальный округ,починковский,mo,False,2254600000,ok
городской округ Янтарный,янтарный,go,False,2774000000,ok
городской округ город Ливны,ливны,go,False,5470500000,ok
Балтайский муниципальный район,балтайский,mr,False,6360900000,ok
внутригородская территория города федерального значения муниципальный округ Бирюлево Западное,бирюлево западное,city_part,False,4591200000,ok
городской округ Можайский,можайский,go,False,,не найдено/неоднозначно
городской округ Сорочинский,сорочинский,go,False,5372700000,ok
внутригородская территория города федерального значения муниципальный округ Лиговка-Ямская,лиговка ямская,city_part,False,4091200000,ok
Княжпогостский муниципальный район,княжпогостский,mr,False,8760800020,ok
городской округ Калтанский,калтанский,go,False,3271500000,ok
городской округ город Ачинск,ачинск,go,False,0470300000,ok
Лысогорский муниципальный район,лысогорский,mr,False,6362500000,ok
Ижемский муниципальный район,ижемский,mr,False,8760400011,ok
городской округ город Барнаул,барнаул,go,False,0170100000,ok
городской округ поселок Агинское,агинское,go,False,7685100000,ok
Томский муниципальный район,томский,mr,False,6965400000,ok
Гагаринский муниципальный район,гагаринский,mr,False,6660800000,ok
внутригородская территория города федерального значения муниципальный округ Юнтолово,юнтолово,city_part,False,4032600000,ok
Нехаевский муниципальный район,нехаевский,mr,False,1863400000,ok
Задонский муниципальный район,задонский,mr,False,4262400000,ok
Шаранский муниципальный район,шаранский,mr,False,8065800000,ok
городской округ Ленинский,ленинский,go,False,4670700000,ok
городской округ Ревда,ревда,go,False,6571900000,ok
Большечерниговский муниципальный район,большечерниговский,mr,False,3661000000,ok
Каслинский муниципальный район,каслинский,mr,False,7562600000,ok
городской округ город Зея,зея,go,False,1071200020,ok
Удорский муниципальный район,удорский,mr,False,8764000020,ok
Тейковский муниципальный район,тейковский,mr,False,2462900000,ok
Пенжинский муниципальный район,пенжинский,mr,False,3082900011,ok
Сычевский муниципальный район,сычевский,mr,False,6664600000,ok
Шадринский муниципальный округ,шадринский,mo,False,3753800000,ok
муниципальный округ Увинский район,увинский,mo,False,9454400000,ok
внутригородская территория города федерального значения поселение Сосенское,сосенское,city_part,False,4595800000,ok
внутригородская территория города федерального значения муниципальный округ Куркино,куркино,city_part,False,4536600000,ok
Вольский муниципальный район,вольский,mr,False,6361100000,ok
Шовгеновский муниципальный район,шовгеновский,mr,False,7964000000,ok
городской округ Электросталь,электросталь,go,False,4679000000,ok
городской округ город Набережные Челны,набережные челны,go,False,9273000000,ok
Красноярский муниципальный район,красноярский,mr,True,,дубль названия у Сбера
Усть-Цилемский муниципальный район,усть цилемский,mr,False,8765200011,ok
Хабезский муниципальный район,хабезский,mr,False,9164000000,ok
внутригородская территория города федерального значения муниципальный округ Измайлово,измайлово,city_part,False,4530700000,ok
внутригородская территория города федерального значения поселение Михайлово-Ярцевское,михайлово ярцевское,city_part,False,4595100000,ok
Кольский муниципальный район,кольский,mr,False,4760500011,ok
Ельцовский муниципальный район,ельцовский,mr,False,0161000000,ok
Слюдянский муниципальный район,слюдянский,mr,False,2563400000,ok
внутригородская территория города федерального значения муниципальный округ Алексеевский,алексеевский,city_part,False,,не найдено/неоднозначно
муниципальный округ Малопургинский район,малопургинский,mo,False,9453300000,ok
городской округ Большой Камень,большой камень,go,False,0570600000,ok
Волжский муниципальный район,волжский,mr,True,,дубль названия у Сбера
Красногвардейский муниципальный район,красногвардейский,mr,True,,дубль названия у Сбера
Мухоршибирский муниципальный район,мухоршибирский,mr,False,8163600000,ok
Нововаршавский муниципальный район,нововаршавский,mr,False,5264100000,ok
городской округ Первоуральск,первоуральск,go,False,6575300000,ok
Краснотуранский муниципальный район,краснотуранский,mr,False,0462800000,ok
внутригородская территория города федерального значения муниципальный округ Коломна,коломна,city_part,False,4030100000,ok
городской округ город Ефремов,ефремов,go,False,7071400000,ok
внутригородская территория города федерального значения муниципальный округ Солнцево,солнцево,city_part,False,4532600000,ok
внутригородская территория города федерального значения муниципальный округ Некрасовка,некрасовка,city_part,False,4539100000,ok
Боготольский муниципальный район,боготольский,mr,False,0460800000,ok
Павинский муниципальный округ,павинский,mo,False,3453200000,ok
Иссинский муниципальный район,иссинский,mr,False,5662600000,ok
Чебаркульский муниципальный район,чебаркульский,mr,False,7565700000,ok
городской округ Бисертский,бисертский,go,False,6575900000,ok
Борзинский муниципальный район,борзинский,mr,False,7660900000,ok
внутригородская территория города федерального значения город Ломоносов,ломоносов,city_part,False,4037200000,ok
Белинский муниципальный район,белинский,mr,False,5661200000,ok
Ичалковский муниципальный район,ичалковский,mr,False,8962600000,ok
Высокогорский муниципальный район,высокогорский,mr,False,9262200000,ok
городской округ город Ярославль,ярославль,go,False,7870100000,ok
муниципальный округ Сусуманский,сусуманский,mo,False,4451300010,ok
городской округ поселок Михайловский,михайловский,go,False,6376000000,ok
муниципальный округ Чарышский район,чарышский,mo,False,0155800000,ok
внутригородская территория города федерального значения поселок Петро-Славянка,петро славянка,city_part,False,4034400000,ok
Верхоянский муниципальный район,верхоянский,mr,False,9861600010,ok
внутригородская территория города федерального значения муниципальный округ Лианозово,лианозово,city_part,False,4535400000,ok
Заволжский муниципальный район,заволжский,mr,False,2460500000,ok
Ребрихинский муниципальный район,ребрихинский,mr,False,0163500000,ok
Жиганский муниципальный район,жиганский,mr,False,9862200010,ok
муниципальный округ Демянский,демянский,mo,False,4951200000,ok
Корткеросский муниципальный район,корткеросский,mr,False,8761600020,ok
городской округ Новокуйбышевск,новокуйбышевск,go,False,3671300000,ok
Туруханский муниципальный район,туруханский,mr,False,0465400011,ok
городской округ Карачаевский,карачаевский,go,False,9170500000,ok
городской округ Малышевский,малышевский,go,False,6576200000,ok
городской округ город Новомосковск,новомосковск,go,False,7072400000,ok
Лиманский муниципальный район,лиманский,mr,False,1263500000,ok
Селенгинский муниципальный район,селенгинский,mr,False,8164800000,ok
городской округ город Саянск,саянск,go,False,2572600000,ok
городской округ Красногорск,красногорск,go,False,4674400000,ok
городской округ город Ирбит,ирбит,go,False,6573900000,ok
муниципальный округ Воткинский район,воткинский,mo,False,9450800000,ok
городской округ Ирбитское,ирбитское,go,False,,не найдено/неоднозначно
Кировский муниципальный округ,кировский,mo,False,0752500000,ok
городской округ город Алексин,алексин,go,False,7070600000,ok
Балейский муниципальный район,балейский,mr,False,7660600000,ok
Балтачевский муниципальный район,балтачевский,mr,False,8060800000,ok
Калтасинский муниципальный район,калтасинский,mr,False,8063300000,ok
Куйтунский муниципальный район,куйтунский,mr,False,2562200000,ok
городской округ Южноуральский,южноуральский,go,False,7576400000,ok
Урванский муниципальный район,урванский,mr,False,8364000000,ok
городской округ Добрянский,добрянский,go,False,5771800000,ok
городской округ Макаровский,макаровский,go,False,6472400020,ok
городской округ Южно-Курильский,южно курильский,go,False,6475600010,ok
Кулундинский муниципальный район,кулундинский,mr,False,0162200000,ok
городской округ Сокольский,сокольский,go,False,2274900000,ok
Кировский муниципальный район,кировский,mr,True,,дубль названия у Сбера
Суздальский муниципальный район,суздальский,mr,False,1765400000,ok
городской округ Луховицы,луховицы,go,False,4674700000,ok
внутригородская территория города федерального значения муниципальный округ Хорошево-Мневники,хорошево мневники,city_part,False,4537100000,ok
Абзелиловский муниципальный район,абзелиловский,mr,False,8060100000,ok
Заринский муниципальный район,заринский,mr,False,0161300000,ok
Рассказовский муниципальный округ,рассказовский,mo,False,6852800000,ok
городской округ Волчанский,волчанский,go,False,6573500000,ok
муниципальный округ Красногородский,красногородский,mo,False,5851400000,ok
городской округ город Ханты-Мансийск,ханты мансийск,go,False,7187100020,ok
городской округ город Шимановск,шимановск,go,False,1074000000,ok
Магдагачинский муниципальный район,магдагачинский,mr,False,1063100000,ok
Харабалинский муниципальный район,харабалинский,mr,False,1264500000,ok
городской округ Серпухов,серпухов,go,False,4677000000,ok
Пономарёвский муниципальный район,пономаревский,mr,False,5363800000,ok
Нерчинский муниципальный район,нерчинский,mr,False,7662800000,ok
Пучежский муниципальный район,пучежский,mr,False,2462100000,ok
Даровской муниципальный район,даровской,mr,False,3361200000,ok
Таборинский муниципальный район,таборинский,mr,False,6564500000,ok
Алейский муниципальный район,алейский,mr,False,0160100000,ok
городской округ город Глазов,глазов,go,False,9472000000,ok
внутригородская территория города федерального значения муниципальный округ Посадский,посадский,city_part,False,4039100000,ok
внутригородская территория города федерального значения муниципальный округ Академическое,академическое,city_part,False,,не найдено/неоднозначно
Ононский муниципальный округ,ононский,mo,False,7653400000,ok
городской округ Корсаковский,корсаковский,go,False,6471600020,ok
Одесский муниципальный район,одесский,mr,False,5264200000,ok
Степновский муниципальный округ,степновский,mo,False,0755200000,ok
городской округ город Лесосибирск,лесосибирск,go,False,0472200020,ok
Межевской муниципальный округ,межевской,mo,False,3452200000,ok
Шпаковский муниципальный округ,шпаковский,mo,False,0755800000,ok
Новомалыклинский муниципальный район,новомалыклинский,mr,False,7362700000,ok
городской округ город Волжский,волжский,go,False,1871000000,ok
муниципальный округ город Мончегорск,мончегорск,mo,False,4752400010,ok
городской округ город Обь,обь,go,False,5071700000,ok
Юргамышский муниципальный округ,юргамышский,mo,False,3754600000,ok
внутригородская территория города федерального значения поселок Левашово,левашово,city_part,False,4031200000,ok
внутригородская территория города федерального значения муниципальный округ Урицк,урицк,city_part,False,4035700000,ok
городской округ Углегорский,углегорский,go,False,6475200020,ok
Комсомольский муниципальный район,комсомольский,mr,True,,дубль названия у Сбера
Купинский муниципальный район,купинский,mr,False,5063200000,ok
городской округ Химки,химки,go,False,4678300000,ok
Новосильский муниципальный район,новосильский,mr,False,5464300000,ok
городской округ город Нефтеюганск,нефтеюганск,go,False,7187400020,ok
городской округ округ Муром,муром,go,False,1773500000,ok
внутригородская территория города федерального значения поселок Песочный,песочный,city_part,False,4036600000,ok
Верхошижемский муниципальный район,верхошижемский,mr,False,3360800000,ok
Зырянский муниципальный район,зырянский,mr,False,6962000000,ok
Боградский муниципальный район,боградский,mr,False,9561500000,ok
Кадомский муниципальный район,кадомский,mr,False,6160600000,ok
Бежаницкий муниципальный район,бежаницкий,mr,False,5860400000,ok
Ленинский муниципальный район,ленинский,mr,True,,дубль названия у Сбера
городской округ город Кострома,кострома,go,False,3470100000,ok
Ярославский муниципальный район,ярославский,mr,False,,не найдено/неоднозначно
Кинешемский муниципальный район,кинешемский,mr,False,2461100000,ok
Воловский муниципальный район,воловский,mr,True,,дубль названия у Сбера
внутригородская территория города федерального значения поселок Шушары,шушары,city_part,False,4090100000,ok
Некоузский муниципальный район,некоузский,mr,False,7862300000,ok
Малосердобинский муниципальный район,малосердобинский,mr,False,5664400000,ok
Любимский муниципальный район,любимский,mr,False,7861800000,ok
Брейтовский муниципальный район,брейтовский,mr,False,7860900000,ok
Шарыповский муниципальный округ,шарыповский,mo,False,0455800000,ok
Яйский муниципальный округ,яйский,mo,False,3254300000,ok
Веневский муниципальный район,веневский,mr,False,7061200000,ok
городской округ город Невинномысск,невинномысск,go,False,0772400000,ok
Ленинск-Кузнецкий муниципальный округ,ленинск кузнецкий,mo,False,3251300000,ok
городской округ город Сосновоборск,сосновоборск,go,False,0473300000,ok
Горномарийский муниципальный район,горномарийский,mr,False,8860800000,ok
внутригородская территория города федерального значения муниципальный округ № 65,65,city_part,False,,не найдено/неоднозначно
Медынский муниципальный район,медынский,mr,False,2962500000,ok
муниципальный округ Куединский,куединский,mo,False,5752900000,ok
Белорецкий муниципальный район,белорецкий,mr,False,8061100000,ok
Пачелмский муниципальный район,пачелмский,mr,False,5665400000,ok
внутригородская территория города федерального значения муниципальный округ Новогиреево,новогиреево,city_part,False,4530900000,ok
Вадский муниципальный округ,вадский,mo,False,2251400000,ok
Большеулуйский муниципальный район,большеулуйский,mr,False,0461100000,ok
внутригородская территория города федерального значения муниципальный округ Зюзино,зюзино,city_part,False,4590100000,ok
Шигонский муниципальный район,шигонский,mr,False,3665000000,ok
Плавский муниципальный район,плавский,mr,False,7063800000,ok
Брединский муниципальный район,брединский,mr,False,7561200000,ok
внутригородская территория города федерального значения поселок Металлострой,металлострой,city_part,False,4034300000,ok
Алькеевский муниципальный район,алькеевский,mr,False,9260700000,ok
Тайшетский муниципальный район,тайшетский,mr,False,2563600000,ok
городской округ город Алейск,алейск,go,False,0170300000,ok
Черноярский муниципальный район,черноярский,mr,False,1265000000,ok
Партизанский муниципальный район,партизанский,mr,False,0464300000,ok
внутригородская территория города федерального значения поселок Стрельна,стрельна,city_part,False,4039600000,ok
Чагодощенский муниципальный округ,чагодощенский,mo,False,1955400000,ok
городской округ Верхний Тагил,верхний тагил,go,False,6573300000,ok
внутригородская территория города федерального значения муниципальный округ Ломоносовский,ломоносовский,city_part,False,,не найдено/неоднозначно
городской округ Тугулымский,тугулымский,go,False,6572500000,ok
Богородский муниципальный округ,богородский,mo,False,,не найдено/неоднозначно
внутригородская территория города федерального значения муниципальный округ Нагатино-Садовники,нагатино садовники,city_part,False,4591800000,ok
городской округ Дегтярск,дегтярск,go,False,6573600000,ok
городской округ город Норильск,норильск,go,False,0472900010,ok
городской округ Юргинский,юргинский,go,False,3274900000,ok
внутригородская территория города федерального значения муниципальный округ Печатники,печатники,city_part,False,4539300000,ok
Кетовский муниципальный округ,кетовский,mo,False,3751400000,ok
Олюторский муниципальный район,олюторский,mr,False,3082700011,ok
Залегощенский муниципальный район,залегощенский,mr,False,5461800000,ok
Городецкий муниципальный округ,городецкий,mo,False,2252800000,ok
Старожиловский муниципальный район,старожиловский,mr,False,6164800000,ok
внутригородская территория города федерального значения муниципальный округ Обуховский,обуховский,city_part,False,4038000000,ok
Енисейский муниципальный район,енисейский,mr,False,0461500020,ok
Бондарский муниципальный округ,бондарский,mo,False,6850200000,ok
Хабарский муниципальный район,хабарский,mr,False,0165600000,ok
муниципальный округ Спировский,спировский,mo,False,2855200000,ok
Янаульский муниципальный район,янаульский,mr,False,8065900000,ok
городской округ город Ишим,ишим,go,False,7170500000,ok
городской округ Верхняя Тура,верхняя тура,go,False,6573400000,ok
Тогульский муниципальный район,тогульский,mr,False,0164800000,ok
Георгиевский муниципальный округ,георгиевский,mo,False,0751500000,ok
Дрожжановский муниципальный район,дрожжановский,mr,False,9262400000,ok
городской округ Воскресенск,воскресенск,go,False,4671000000,ok
Чаинский муниципальный район,чаинский,mr,False,6965600020,ok
Дзун-Хемчикский муниципальный район,дзун хемчикский,mr,False,9361500020,ok
Кигинский муниципальный район,кигинский,mr,False,8063600000,ok
внутригородская территория города федерального значения муниципальный округ Лахта-Ольгино,лахта ольгино,city_part,False,4032100000,ok
Знаменский муниципальный район,знаменский,mr,True,,дубль названия у Сбера
муниципальный округ Фаленский,фаленский,mo,False,3354300000,ok
городской округ Жигулевск,жигулевск,go,False,3670400000,ok
городской округ город Белокуриха,белокуриха,go,False,0170400000,ok
Виноградовский муниципальный округ,виноградовский,mo,False,1151400020,ok
Изобильненский муниципальный округ,изобильненский,mo,False,0752000000,ok
Будённовский муниципальный округ,буденновский,mo,False,0751200000,ok
Тосненский муниципальный район,тосненский,mr,False,4164800000,ok
Кандалакшский муниципальный район,кандалакшский,mr,False,4760800010,ok
городской округ Шуя,шуя,go,False,2471100000,ok
Бакалинский муниципальный район,бакалинский,mr,False,8060700000,ok
Куйбышевский муниципальный район,куйбышевский,mr,True,,дубль названия у Сбера
Ковровский муниципальный район,ковровский,mr,False,1763500000,ok
Бижбулякский муниципальный район,бижбулякский,mr,False,8061200000,ok
городской округ Асбестовский,асбестовский,go,False,6573000000,ok
городской округ город Тобольск,тобольск,go,False,7171000000,ok
городской округ Нижнетуринский,нижнетуринский,go,False,6571500000,ok
Большемурашкинский муниципальный округ,большемурашкинский,mo,False,2251000000,ok
Уфимский муниципальный район,уфимский,mr,False,8065200000,ok
Марксовский муниципальный район,марксовский,mr,False,6362600000,ok
Русско-Полянский муниципальный район,русско полянский,mr,False,5265000000,ok
внутригородская территория города федерального значения муниципальный округ Семеновский,семеновский,city_part,False,4030400000,ok
Колпнянский муниципальный район,колпнянский,mr,False,5462300000,ok
Полтавский муниципальный район,полтавский,mr,False,5264800000,ok
городской округ город Ялуторовск,ялуторовск,go,False,7171500000,ok
Хворостянский муниципальный район,хворостянский,mr,False,3664400000,ok
городской округ Пелым,пелым,go,False,6576400000,ok
Старокулаткинский муниципальный район,старокулаткинский,mr,False,7363900000,ok
городской округ город Шумерля,шумерля,go,False,,не найдено/неоднозначно
Эльбрусский муниципальный район,эльбрусский,mr,False,8364800000,ok
Ермекеевский муниципальный район,ермекеевский,mr,False,8062500000,ok
Окуловский муниципальный район,окуловский,mr,False,4962800000,ok
Тамбовский муниципальный округ,тамбовский,mo,True,,дубль названия у Сбера
внутригородская территория города федерального значения поселение Внуковское,внуковское,city_part,False,4594100000,ok
Ферзиковский муниципальный район,ферзиковский,mr,False,2964400000,ok
городской округ Шаховская,шаховская,go,False,4678700000,ok
Марьяновский муниципальный район,марьяновский,mr,False,5263000000,ok
внутригородская территория города федерального значения муниципальный округ Тверской,тверской,city_part,False,,не найдено/неоднозначно
Спасский муниципальный округ,спасский,mo,False,2255100000,ok
внутригородская территория города федерального значения муниципальный округ Донской,донской,city_part,False,,не найдено/неоднозначно
Сланцевский муниципальный район,сланцевский,mr,False,4164200000,ok
городской округ Подольск,подольск,go,False,4676000000,ok
городской округ город Бийск,бийск,go,False,0170500000,ok
городской округ город Оренбург,оренбург,go,False,5370100000,ok
городской округ город Майкоп,майкоп,go,False,7970100000,ok
Кош-Агачский муниципальный район,кош агачский,mr,False,8461000021,ok
городской округ город Скопин,скопин,go,False,6171500000,ok
Оконешниковский муниципальный район,оконешниковский,mr,False,5264300000,ok
внутригородская территория города федерального значения муниципальный округ Восточное Измайлово,восточное измайлово,city_part,False,4530300000,ok
Клявлинский муниципальный район,клявлинский,mr,False,3662200000,ok
Заинский муниципальный район,заинский,mr,False,9262700000,ok
Ставропольский муниципальный район,ставропольский,mr,False,3664000000,ok
муниципальный округ Киясовский район,киясовский,mo,False,9452800000,ok
муниципальный округ Балезинский район,балезинский,mo,False,9450400000,ok
Инсарский муниципальный район,инсарский,mr,False,8962400000,ok
Думиничский муниципальный район,думиничский,mr,False,2961000000,ok
Балтасинский муниципальный район,балтасинский,mr,False,9261500000,ok
Сапожковский муниципальный район,сапожковский,mr,False,6163700000,ok
городской округ город Омск,омск,go,False,5270100000,ok
муниципальный округ Правдинский,правдинский,mo,False,2751900000,ok
Шиловский муниципальный район,шиловский,mr,False,6165800000,ok
городской округ город Новый Уренгой,новый уренгой,go,False,7195600010,ok
муниципальный округ Кудымкарский,кудымкарский,mo,False,5752800000,ok
Серафимовичский муниципальный район,серафимовичский,mr,False,1865000000,ok
Колыванский муниципальный район,колыванский,mr,False,5062100000,ok
Борисоглебский муниципальный район,борисоглебский,mr,False,7860600000,ok
Монгун-Тайгинский муниципальный район,монгун тайгинский,mr,False,9362500010,ok
внутригородская территория города федерального значения муниципальный округ Марфино,марфино,city_part,False,4535600000,ok
внутригородская территория города федерального значения муниципальный округ Аптекарский остров,аптекарский остров,city_part,False,4039200000,ok
муниципальный округ Невельский,невельский,mo,False,5852000000,ok
Тоншаевский муниципальный округ,тоншаевский,mo,False,2255300000,ok
Кобяйский муниципальный район,кобяйский,mr,False,9862400010,ok
городской округ Пушкинский,пушкинский,go,False,4675800000,ok
Павловский муниципальный округ,павловский,mo,False,2254200000,ok
городской округ город Якутск,якутск,go,False,9870100010,ok
внутригородская территория города федерального значения муниципальный округ Войковский,войковский,city_part,False,,не найдено/неоднозначно
муниципальный округ Приуральский район,приуральский,mo,False,7193800011,ok
городской округ Пущино,пущино,go,False,4676200000,ok
Тукаевский муниципальный район,тукаевский,mr,False,9265700000,ok
внутригородская территория города федерального значения муниципальный округ Гагаринское,гагаринское,city_part,False,,не найдено/неоднозначно
Петуховский муниципальный округ,петуховский,mo,False,3752600000,ok
городской округ город Нарьян-Мар,нарьян мар,go,False,1185100010,ok
Правобережный муниципальный район,правобережный,mr,False,9063500000,ok
городской округ Очерский,очерский,go,False,5776200000,ok
городской округ город Каменск-Уральский,каменск уральский,go,False,6574000000,ok
внутригородская территория города федерального значения муниципальный округ Капотня,капотня,city_part,False,4538600000,ok
городской округ город Черногорск,черногорск,go,False,9571500000,ok
городской округ город Когалым,когалым,go,False,7188300020,ok
Пильнинский муниципальный округ,пильнинский,mo,False,2254500000,ok
муниципальный округ Хвойнинский,хвойнинский,mo,False,4954500000,ok
Чулымский муниципальный район,чулымский,mr,False,5065900000,ok
городской округ город Буйнакск,буйнакск,go,False,8270500000,ok
городской округ город Касимов,касимов,go,False,6170500000,ok
городской округ город Красноярск,красноярск,go,False,0470100000,ok
Николаевский муниципальный район,николаевский,mr,True,,дубль названия у Сбера
муниципальный район имени Полины Осипенко,полины осипенко,mr,False,0863700021,ok
Алтайский муниципальный район,алтайский,mr,True,,дубль названия у Сбера
Тунгокоченский муниципальный округ,тунгокоченский,mo,False,7654400020,ok
Вилюйский муниципальный район,вилюйский,mr,False,9861800010,ok
муниципальный округ Лузский,лузский,mo,False,3352200000,ok
Грязовецкий муниципальный округ,грязовецкий,mo,False,1952400000,ok
Майкопский муниципальный район,майкопский,mr,False,7962200000,ok
Зуевский муниципальный район,зуевский,mr,False,3361400000,ok
городской округ город Агидель,агидель,go,False,8070300000,ok
Целинный муниципальный район,целинный,mr,True,,дубль названия у Сбера
муниципальный округ Среднеканский,среднеканский,mo,False,4451000010,ok
Ветлужский муниципальный округ,ветлужский,mo,False,2251800000,ok
Петровск-Забайкальский муниципальный район,петровск забайкальский,mr,False,7663600000,ok
Ливенский муниципальный район,ливенский,mr,False,5462900000,ok
Балахнинский муниципальный округ,балахнинский,mo,False,2250500000,ok
Дновский муниципальный район,дновский,mr,False,5861200000,ok
городской округ Оханский,оханский,go,False,5772900000,ok
Подосиновский муниципальный район,подосиновский,mr,False,3363200000,ok
Ельниковский муниципальный район,ельниковский,mr,False,8961800000,ok
внутригородская территория города федерального значения муниципальный округ Мещанский,мещанский,city_part,False,,не найдено/неоднозначно
городской округ город Заринск,заринск,go,False,0170600000,ok
Волосовский муниципальный район,волосовский,mr,False,4160600000,ok
муниципальный округ Шумихинский,шумихинский,mo,False,3754200000,ok
Ростовский муниципальный район,ростовский,mr,False,7863700000,ok
Боханский муниципальный район,боханский,mr,False,2560900000,ok
городской округ город Рассказово,рассказово,go,False,6872500000,ok
Кушнаренковский муниципальный район,кушнаренковский,mr,False,8064000000,ok
городской округ Провиденский,провиденский,go,False,,не найдено/неоднозначно
Поназыревский муниципальный округ,поназыревский,mo,False,3453600000,ok
Ташлинский муниципальный район,ташлинский,mr,False,5365100000,ok
Новолакский муниципальный район,новолакский,mr,False,8263900000,ok
городской округ Красноуфимский округ,красноуфимский,go,False,,не найдено/неоднозначно
городской округ Нальчик,нальчик,go,False,8370100000,ok
Эвено-Бытантайский национальный муниципальный район,эвено бытантайский,mr,False,9865900010,ok
Шабалинский муниципальный район,шабалинский,mr,False,3364700000,ok
Лунинский муниципальный район,лунинский,mr,False,5664300000,ok
городской округ город Курган,курган,go,False,3770100000,ok
Сармановский муниципальный район,сармановский,mr,False,9265300000,ok
Котельничский муниципальный район,котельничский,mr,False,3361900000,ok
Барятинский муниципальный район,барятинский,mr,False,2960400000,ok
Курский муниципальный округ,курский,mo,False,0753300000,ok
городской округ город Березники,березники,go,False,5770800000,ok
городской округ город Бузулук,бузулук,go,False,5371200000,ok
городской округ город-курорт Кисловодск,курорт кисловодск,go,False,0771500000,ok
Нижневартовский муниципальный район,нижневартовский,mr,False,7181900020,ok
городской округ город Бор,бор,go,False,2271200000,ok
Сурский муниципальный район,сурский,mr,False,7364400000,ok
Приморский муниципальный округ,приморский,mo,False,1155200020,ok
Ванинский муниципальный район,ванинский,mr,False,0861200021,ok
муниципальный округ Кувшиновский,кувшиновский,mo,False,2853400000,ok
Мезенский муниципальный округ,мезенский,mo,False,1154200010,ok
городской округ Рузский,рузский,go,False,4676600000,ok
Куркинский муниципальный район,куркинский,mr,False,7063000000,ok
внутригородская территория города федерального значения муниципальный округ Чертаново Южное,чертаново южное,city_part,False,4592600000,ok
муниципальный округ Дебёсский район,дебесский,mo,False,9451400000,ok
Кизильский муниципальный район,кизильский,mr,False,7563200000,ok
городской округ Артинский,артинский,go,False,6570400000,ok
внутригородская территория города федерального значения поселение Десеновское,десеновское,city_part,False,4594400000,ok
городской округ город Тула,тула,go,False,7070100000,ok
Котласский муниципальный округ,котласский,mo,False,1152700020,ok
городской округ Наро-Фоминский,наро фоминский,go,False,4675000000,ok
городской округ Карпинск,карпинск,go,False,6574200000,ok
городской округ Чернушинский,чернушинский,go,False,5775700000,ok
Еравнинский муниципальный район,еравнинский,mr,False,8161500000,ok
внутригородская территория города федерального значения муниципальный округ Марьина роща,марьина роща,city_part,False,4535700000,ok
муниципальный округ Унинский,унинский,mo,False,,не найдено/неоднозначно
Каа-Хемский муниципальный район,каа хемский,mr,False,9362000020,ok
Чесменский муниципальный район,чесменский,mr,False,7565900000,ok
муниципальный округ Орловский,орловский,mo,False,5450100000,ok
городской округ город Псков,псков,go,False,,не найдено/неоднозначно
Башмаковский муниципальный район,башмаковский,mr,False,5660300000,ok
городской округ Кохма,кохма,go,False,2470600000,ok
Ибресинский муниципальный округ,ибресинский,mo,False,9751300000,ok
Икрянинский муниципальный район,икрянинский,mr,False,1262000000,ok
Нерюнгринский муниципальный район,нерюнгринский,mr,False,9866000010,ok
внутригородская территория города федерального значения муниципальный округ Сергиевское,сергиевское,city_part,False,4031800000,ok
муниципальный район Печора,печора,mr,False,8762000010,ok
Бугульминский муниципальный район,бугульминский,mr,False,9261700000,ok
Белозерский муниципальный округ,белозерский,mo,True,,дубль названия у Сбера
Чернышковский муниципальный район,чернышковский,mr,False,1865800000,ok
муниципальный округ Ольский,ольский,mo,False,4450200011,ok
Быковский муниципальный район,быковский,mr,False,1860400000,ok
Знаменский муниципальный округ,знаменский,mo,False,6850600000,ok
городской округ город Слободской,слободской,go,False,3371300000,ok
Миякинский муниципальный район,миякинский,mr,False,8064400000,ok
Красноармейский муниципальный округ,красноармейский,mo,True,,дубль названия у Сбера
Петровский муниципальный округ,петровский,mo,True,,дубль названия у Сбера
городской округ Полевской,полевской,go,False,6575400000,ok
внутригородская территория города федерального значения муниципальный округ Южное Тушино,южное тушино,city_part,False,4537300000,ok
Вохомский муниципальный район,вохомский,mr,False,3460600000,ok
Лахденпохский муниципальный район,лахденпохский,mr,False,8661800020,ok
Киренский муниципальный район,киренский,mr,False,2562000020,ok
Усть-Пристанский муниципальный район,усть пристанский,mr,False,0165500000,ok
Кадуйский муниципальный округ,кадуйский,mo,False,1952600000,ok
городской округ город Астрахань,астрахань,go,False,1270100000,ok
Кавалеровский муниципальный округ,кавалеровский,mo,False,0551000020,ok
городской округ Чайковский,чайковский,go,False,5773500000,ok
Эхирит-Булагатский муниципальный район,эхирит булагатский,mr,False,2565700000,ok
Немецкий национальный муниципальный район,немецкий,mr,False,0166000000,ok
городской округ город Котельнич,котельнич,go,False,3371000000,ok
городской округ Балашиха,балашиха,go,False,4670400000,ok
Покровский муниципальный район,покровский,mr,False,5465000000,ok
Бурейский муниципальный округ,бурейский,mo,False,1051500000,ok
Людиновский муниципальный район,людиновский,mr,False,2962000000,ok
городской округ Поронайский,поронайский,go,False,6474000021,ok
Бирилюсский муниципальный район,бирилюсский,mr,False,0460600000,ok
внутригородская территория города федерального значения поселение Воскресенское,воскресенское,city_part,False,4594200000,ok
Сараевский муниципальный район,сараевский,mr,False,6164000000,ok
Бабушкинский муниципальный округ,бабушкинский,mo,False,,не найдено/неоднозначно
Чаплыгинский муниципальный район,чаплыгинский,mr,False,4265600000,ok
городской округ город Можга,можга,go,False,9473000000,ok
Усть-Камчатский муниципальный район,усть камчатский,mr,False,3061900011,ok
Федоровский муниципальный район,федоровский,mr,True,,дубль названия у Сбера
городской округ город Радужный,радужный,go,False,,не найдено/неоднозначно
городской округ Махнёвское,махневское,go,False,,не найдено/неоднозначно
Седельниковский муниципальный район,седельниковский,mr,False,5265200000,ok
городской округ Ангарский,ангарский,go,False,,не найдено/неоднозначно
Черноземельский муниципальный район,черноземельский,mr,False,8564200000,ok
Костромской муниципальный район,костромской,mr,False,3461400000,ok
Шатровский муниципальный округ,шатровский,mo,False,3754000000,ok
Саргатский муниципальный район,саргатский,mr,False,5265100000,ok
городской округ город Обнинск,обнинск,go,False,2971500000,ok
Тулунский муниципальный район,тулунский,mr,False,2563800000,ok
Андроповский муниципальный округ,андроповский,mo,False,0750300000,ok
Бирский муниципальный район,бирский,mr,False,8061300000,ok
Мамонтовский муниципальный район,мамонтовский,mr,False,0162600000,ok
Дубовский муниципальный район,дубовский,mr,False,,не найдено/неоднозначно
Вятскополянский муниципальный район,вятскополянский,mr,False,3361000000,ok
муниципальный округ Большесосновский,большесосновский,mo,False,5750800000,ok
Лазовский муниципальный округ,лазовский,mo,False,0551700001,ok
муниципальный округ Красногорский район,красногорский,mo,False,9453000000,ok
внутригородская территория города федерального значения муниципальный округ Замоскворечье,замоскворечье,city_part,False,4537600000,ok
Вознесенский муниципальный округ,вознесенский,mo,False,2251900000,ok
Лаганский муниципальный район,лаганский,mr,False,8561500000,ok
внутригородская территория города федерального значения муниципальный округ Академический,академический,city_part,False,,не найдено/неоднозначно
муниципальный округ Бардымский,бардымский,mo,False,5750300000,ok
городской округ Кинешма,кинешма,go,False,2470500000,ok
городской округ Пионерский,пионерский,go,False,2771700000,ok
Яшкинский муниципальный округ,яшкинский,mo,False,3254600000,ok
Адыге-Хабльский муниципальный район,адыге хабльский,mr,False,9160300000,ok
Курумканский муниципальный район,курумканский,mr,False,8163000020,ok
Усть-Янский муниципальный район,усть янский,mr,False,9865600010,ok
Чернский муниципальный район,чернский,mr,False,7064600000,ok
городской округ Осинский,осинский,go,False,5772800000,ok
Козульский муниципальный район,козульский,mr,False,0462600000,ok
Карымский муниципальный район,карымский,mr,False,7662000000,ok
Змеиногорский муниципальный район,змеиногорский,mr,False,0161400000,ok
Гороховецкий муниципальный район,гороховецкий,mr,False,1761500000,ok
внутригородская территория города федерального значения муниципальный округ Котловка,котловка,city_part,False,4590300000,ok
Кытмановский муниципальный район,кытмановский,mr,False,0162400000,ok
Смоленский муниципальный район,смоленский,mr,True,,дубль названия у Сбера
Аркадакский муниципальный район,аркадакский,mr,False,6360300000,ok
Асекеевский муниципальный район,асекеевский,mr,False,5360700000,ok
Дедовичский муниципальный район,дедовичский,mr,False,5861000000,ok
Кривошеинский муниципальный район,кривошеинский,mr,False,6963600020,ok
городской округ город Михайловка,михайловка,go,False,1872000000,ok
городской округ город Десногорск,десногорск,go,False,6671000000,ok
внутригородская территория города федерального значения муниципальный округ Бутырский,бутырский,city_part,False,,не найдено/неоднозначно
Хилокский муниципальный район,хилокский,mr,False,7664700000,ok
Кимовский муниципальный район,кимовский,mr,False,7062600000,ok
Большемуртинский муниципальный район,большемуртинский,mr,False,0461000000,ok
Хабаровский муниципальный район,хабаровский,mr,False,0865500001,ok
Слободо-Туринский муниципальный район,слободо туринский,mr,False,6563900000,ok
внутригородская территория города федерального значения муниципальный округ Сенной округ,сенной,city_part,False,4030200000,ok
Татышлинский муниципальный район,татышлинский,mr,False,8065000000,ok
городской округ город Рыбинск,рыбинск,go,False,7871500000,ok
внутригородская территория города федерального значения муниципальный округ Литейный округ,литейный,city_part,False,4091000000,ok
городской округ город Магадан,магадан,go,False,4470100010,ok
Путятинский муниципальный округ,путятинский,mo,False,6152600000,ok
муниципальный округ Калязинский,калязинский,mo,False,2852200000,ok
городской округ город Первомайск,первомайск,go,False,2273400000,ok
Малодербетовский муниципальный район,малодербетовский,mr,False,8562000000,ok
городской округ Мытищи,мытищи,go,False,4674600000,ok
Вологодский муниципальный округ,вологодский,mo,False,1952000000,ok
городской округ город Уварово,уварово,go,False,6873000000,ok
городской округ Вышневолоцкий,вышневолоцкий,go,False,2871400000,ok
Бокситогорский муниципальный район,бокситогорский,mr,False,4160300000,ok
внутригородская территория города федерального значения муниципальный округ Ивановский,ивановский,city_part,False,4037900000,ok
городской округ Певек,певек,go,False,7770500011,ok
Краснослободский муниципальный район,краснослободский,mr,False,8963400000,ok
муниципальный район Сосногорск,сосногорск,mr,False,8762600020,ok
муниципальный округ Богородский,богородский,mo,False,,не найдено/неоднозначно
Ермишинский муниципальный район,ермишинский,mr,False,6160200000,ok
Шилкинский муниципальный район,шилкинский,mr,False,7665400000,ok
Коношский муниципальный район,коношский,mr,False,1162200020,ok
Билибинский муниципальный район,билибинский,mr,False,7760900011,ok
Касимовский муниципальный район,касимовский,mr,False,6160800000,ok
внутригородская территория города федерального значения поселение Вороновское,вороновское,city_part,False,4594300000,ok
Ардатовский муниципальный округ,ардатовский,mo,False,2250200000,ok
городской округ Щёлково,щелково,go,False,4678800000,ok
городской округ Талдомский,талдомский,go,False,4677800000,ok
Краснозоренский муниципальный район,краснозоренский,mr,False,5462400000,ok
Жигаловский муниципальный район,жигаловский,mr,False,2560600000,ok
городской округ город Рубцовск,рубцовск,go,False,0171600000,ok
городской округ Ачитский,ачитский,go,False,6570500000,ok
внутригородская территория города федерального значения муниципальный округ Сампсониевское,сампсониевское,city_part,False,4031400000,ok
Мари-Турекский муниципальный район,мари турекский,mr,False,8862400000,ok
городской округ Отрадный,отрадный,go,False,3672400000,ok
Киришский муниципальный район,киришский,mr,False,4162400000,ok
внутригородская территория города федерального значения муниципальный округ Обручевский,обручевский,city_part,False,,не найдено/неоднозначно
городской округ Туринский,туринский,go,False,6572600000,ok
Новошешминский муниципальный район,новошешминский,mr,False,9264500000,ok
городской округ Новокузнецкий,новокузнецкий,go,False,3273100001,ok
городской округ Саранск,саранск,go,False,8970100000,ok
Бабаюртовский муниципальный район,бабаюртовский,mr,False,8260700000,ok
Сорокинский муниципальный район,сорокинский,mr,False,7163800000,ok
Промышленновский муниципальный округ,промышленновский,mo,False,3252500000,ok
Гусь-Хрустальный муниципальный район,гусь хрустальный,mr,False,1762000000,ok
Труновский муниципальный округ,труновский,mo,False,0755400000,ok
внутригородская территория города федерального значения муниципальный округ Оккервиль,оккервиль,city_part,False,4038500000,ok
городской округ Карабашский,карабашский,go,False,7571500000,ok
Увельский муниципальный район,увельский,mr,False,7565500000,ok
городской округ Шалинский,шалинский,go,False,6572700000,ok
внутригородская территория города федерального значения муниципальный округ Проспект Вернадского,проспект вернадского,city_part,False,4532400000,ok
Тандинский муниципальный район,тандинский,mr,False,9364000020,ok
внутригородская территория города федерального значения муниципальный округ Бирюлево Восточное,бирюлево восточное,city_part,False,4591100000,ok
городской округ Павлово-Посадский,павлово посадский,go,False,4675900000,ok
Чурапчинский муниципальный район,чурапчинский,mr,False,9865800010,ok
городской округ Лесозаводский,лесозаводский,go,False,0571100000,ok
внутригородская территория города федерального значения муниципальный округ Ивановское,ивановское,city_part,False,4530600000,ok
городской округ Кыштымский,кыштымский,go,False,7573400000,ok
Сернурский муниципальный район,сернурский,mr,False,8864800000,ok
Жиздринский муниципальный район,жиздринский,mr,False,2961200000,ok
Хоринский муниципальный район,хоринский,mr,False,8165700000,ok
внутригородская территория города федерального значения муниципальный округ Щукино,щукино,city_part,False,4537200000,ok
Спасский муниципальный район,спасский,mr,True,,дубль названия у Сбера
Холм-Жирковский муниципальный район,холм жирковский,mr,False,6665400000,ok
городской округ город-курорт Ессентуки,курорт ессентуки,go,False,0771000000,ok
городской округ город Абаза,абаза,go,False,9570200000,ok
Бессоновский муниципальный район,бессоновский,mr,False,5661300000,ok
внутригородская территория города федерального значения муниципальный округ Коломяги,коломяги,city_part,False,4032700000,ok
муниципальный округ Марёвский,маревский,mo,False,4952300000,ok
Новоалександровский муниципальный округ,новоалександровский,mo,False,0754300000,ok
Добринский муниципальный район,добринский,mr,False,4261200000,ok
Тюменцевский муниципальный район,тюменцевский,mr,False,0165200000,ok
Тереньгульский муниципальный район,тереньгульский,mr,False,7364800000,ok
городской округ Суксунский,суксунский,go,False,5773100000,ok
городской округ Режевской,режевской,go,False,6572000000,ok
внутригородская территория города федерального значения муниципальный округ Алтуфьевский,алтуфьевский,city_part,False,,не найдено/неоднозначно
внутригородская территория города федерального значения муниципальный округ Пискаревка,пискаревка,city_part,False,4033200000,ok
Вытегорский муниципальный район,вытегорский,mr,False,1962200000,ok
Богородицкий муниципальный район,богородицкий,mr,False,7060800000,ok
Дивеевский муниципальный округ,дивеевский,mo,False,2253200000,ok
городской округ город Чебоксары,чебоксары,go,False,,не найдено/неоднозначно
Сокольский муниципальный округ,сокольский,mo,False,1953800000,ok
внутригородская территория города федерального значения муниципальный округ Тропарево-Никулино,тропарево никулино,city_part,False,4532700000,ok
городской округ Нытвенский,нытвенский,go,False,5772700000,ok
городской округ город Кирово-Чепецк,кирово чепецк,go,False,3370700000,ok
Верхнеуслонский муниципальный район,верхнеуслонский,mr,False,9262000000,ok
внутригородская территория города федерального значения муниципальный округ Северное Тушино,северное тушино,city_part,False,4536900000,ok
внутригородская территория города федерального значения поселение Щаповское,щаповское,city_part,False,4596100000,ok
Гафурийский муниципальный район,гафурийский,mr,False,8062100000,ok
Усть-Коксинский муниципальный район,усть коксинский,mr,False,8464000000,ok
Комсомольский муниципальный округ,комсомольский,mo,False,9752100000,ok
городской округ Уссурийский,уссурийский,go,False,0572300000,ok
Бабынинский муниципальный район,бабынинский,mr,False,2960200000,ok
Абыйский муниципальный район,абыйский,mr,False,9860100010,ok
Пластовский муниципальный район,пластовский,mr,False,7564800000,ok
Батыревский муниципальный округ,батыревский,mo,False,9750700000,ok
Забайкальский муниципальный район,забайкальский,mr,False,7661200000,ok
Медведевский муниципальный район,медведевский,mr,False,8862800000,ok
муниципальный округ Торопецкий,торопецкий,mo,False,2855500000,ok
Павлоградский муниципальный район,павлоградский,mr,False,5264600000,ok
муниципальный округ Губахинский,губахинский,mo,False,5751600000,ok
городской округ Горнозаводский,горнозаводский,go,False,5771400000,ok
внутригородская территория города федерального значения муниципальный округ Коньково,коньково,city_part,False,4590200000,ok
городской округ Рефтинский,рефтинский,go,False,6576300000,ok
городской округ город Ульяновск,ульяновск,go,False,7370100000,ok
Усвятский муниципальный район,усвятский,mr,False,5865800000,ok
Нейский муниципальный округ,нейский,mo,False,3452400000,ok
Лямбирский муниципальный район,лямбирский,mr,False,8963700000,ok
внутригородская территория города федерального значения муниципальный округ Преображенское,преображенское,city_part,False,4531600000,ok
Благовещенский муниципальный район,благовещенский,mr,True,,дубль названия у Сбера
Муйский муниципальный район,муйский,mr,False,8163500020,ok
внутригородская территория города федерального значения муниципальный округ Басманный,басманный,city_part,False,,не найдено/неоднозначно
Боровичский муниципальный район,боровичский,mr,False,4960600000,ok
городской округ Воротынский,воротынский,go,False,2271900000,ok
внутригородская территория города федерального значения муниципальный округ Васильевский,васильевский,city_part,False,4030800000,ok
Баевский муниципальный район,баевский,mr,False,0160300000,ok
Кошехабльский муниципальный район,кошехабльский,mr,False,7961500000,ok
Кумылженский муниципальный район,кумылженский,mr,False,1864600000,ok
внутригородская территория города федерального значения муниципальный округ Братеево,братеево,city_part,False,4591300000,ok
Сладковский муниципальный район,сладковский,mr,False,7163600000,ok
Вагайский муниципальный район,вагайский,mr,False,7161300000,ok
Сузунский муниципальный район,сузунский,mr,False,5064800000,ok
внутригородская территория города федерального значения город Красное Село,красное село,city_part,False,4035300000,ok
Духовницкий муниципальный район,духовницкий,mr,False,6361400000,ok
городской округ город Сасово,сасово,go,False,,не найдено/неоднозначно
Уярский муниципальный район,уярский,mr,False,0465700000,ok
Порховский муниципальный район,порховский,mr,False,5864700000,ok
Ильинский муниципальный район,ильинский,mr,False,2460900000,ok
внутригородская территория города федерального значения муниципальный округ Бибирево,бибирево,city_part,False,4535200000,ok
Шегарский муниципальный район,шегарский,mr,False,6965800000,ok
Беляевский муниципальный район,беляевский,mr,False,5361000000,ok
Пензенский муниципальный район,пензенский,mr,False,5665500000,ok
Ельнинский муниципальный район,ельнинский,mr,False,6661900000,ok
Верхнекетский муниципальный район,верхнекетский,mr,False,6961600021,ok
городской округ город Кизляр,кизляр,go,False,8273000000,ok
муниципальный округ Жарковский,жарковский,mo,False,2851400000,ok
муниципальный округ Лихославльский,лихославльский,mo,False,2853800000,ok
Светлинский муниципальный район,светлинский,mr,False,5364200000,ok
Еткульский муниципальный район,еткульский,mr,False,7562000000,ok
Белебеевский муниципальный район,белебеевский,mr,False,8060900000,ok
Муслюмовский муниципальный район,муслюмовский,mr,False,9264200000,ok
Лужский муниципальный район,лужский,mr,False,4163300000,ok
муниципальный округ Омсукчанский,омсукчанский,mo,False,4450400010,ok
Кабанский муниципальный район,кабанский,mr,False,8162400000,ok
городской округ город Тулун,тулун,go,False,2573200000,ok
муниципальный округ Полесский,полесский,mo,False,2751800000,ok
городской округ Нелидовский,нелидовский,go,False,2875900000,ok
Пугачевский муниципальный район,пугачевский,mr,False,6363700000,ok
городской округ Тольятти,тольятти,go,False,3674000000,ok
Камско-Устьинский муниципальный район,камско устьинский,mr,False,9263000000,ok
Усть-Куломский муниципальный район,усть куломский,mr,False,8764800020,ok
Бековский муниципальный район,бековский,mr,False,5660900000,ok
Уренский муниципальный округ,уренский,mo,False,2255400000,ok
муниципальный округ Тенькинский,тенькинский,mo,False,4451600010,ok
Малоярославецкий муниципальный район,малоярославецкий,mr,False,2962300000,ok
городской округ Чусовской,чусовской,go,False,5775800000,ok
городской округ город Усолье-Сибирское,усолье сибирское,go,False,2573600000,ok
внутригородская территория города федерального значения муниципальный округ № 78,78,city_part,False,,не найдено/неоднозначно
городской округ город Райчихинск,райчихинск,go,False,1072000000,ok
Шенкурский муниципальный округ,шенкурский,mo,False,1155800020,ok
Каларский муниципальный округ,каларский,mo,False,7651500020,ok
Нижнекамский муниципальный район,нижнекамский,mr,False,9264400000,ok
Минераловодский муниципальный округ,минераловодский,mo,False,0753900000,ok
внутригородская территория города федерального значения муниципальный округ Орехово-Борисово Южное,орехово борисово южное,city_part,False,4592200000,ok
городской округ Новолялинский,новолялинский,go,False,6571600000,ok
Самойловский муниципальный район,самойловский,mr,False,6364200000,ok
Заларинский муниципальный район,заларинский,mr,False,2560800000,ok
Усть-Вымский муниципальный район,усть вымский,mr,False,8764400020,ok
Благоварский муниципальный район,благоварский,mr,False,8061400000,ok
Вурнарский муниципальный округ,вурнарский,mo,False,9751000000,ok
Буйский муниципальный район,буйский,mr,False,3460400000,ok
Любытинский муниципальный район,любытинский,mr,False,4961600000,ok
городской округ город Липецк,липецк,go,False,4270100000,ok
Буздякский муниципальный район,буздякский,mr,False,8061700000,ok
городской округ Полысаевский,полысаевский,go,False,3273200000,ok
Белогорский муниципальный округ,белогорский,mo,False,1050800000,ok
Выборгский муниципальный район,выборгский,mr,False,4161500000,ok
Северный муниципальный район,северный,mr,True,,дубль названия у Сбера
Цивильский муниципальный округ,цивильский,mo,False,9754100000,ok
Черниговский муниципальный округ,черниговский,mo,False,0555300000,ok
Бакчарский муниципальный район,бакчарский,mr,False,6961200020,ok
городской округ Сергиево-Посадский,сергиево посадский,go,False,4672800000,ok
Юрьевецкий муниципальный район,юрьевецкий,mr,False,2463700000,ok
городской округ город Сорск,сорск,go,False,9570900000,ok
муниципальный округ Весьегонский,весьегонский,mo,False,2851000000,ok
Подпорожский муниципальный район,подпорожский,mr,False,4163600000,ok
Тетюшский муниципальный район,тетюшский,mr,False,9265500000,ok
Тонкинский муниципальный округ,тонкинский,mo,False,2255200000,ok
городской округ город Алатырь,алатырь,go,False,,не найдено/неоднозначно
Медвежьегорский муниципальный район,медвежьегорский,mr,False,8662400020,ok
Тындинский муниципальный округ,тындинский,mo,False,1055400000,ok
Темкинский муниципальный район,темкинский,mr,False,6664800000,ok
городской округ город Грозный,грозный,go,False,9670100000,ok
внутригородская территория города федерального значения муниципальный округ Дмитровский,дмитровский,city_part,False,,не найдено/неоднозначно
Нязепетровский муниципальный район,нязепетровский,mr,False,7564400000,ok
Шелопугинский муниципальный район,шелопугинский,mr,False,7665200000,ok
Тарский муниципальный район,тарский,mr,False,5265400000,ok
городской округ Октябрьский,октябрьский,go,False,,не найдено/неоднозначно
Суоярвский муниципальный округ,суоярвский,mo,False,8655000020,ok
Калевальский муниципальный район,калевальский,mr,False,8660900010,ok
Гдовский муниципальный район,гдовский,mr,False,5860800000,ok
внутригородская территория города федерального значения муниципальный округ Левобережный,левобережный,city_part,False,,не найдено/неоднозначно
Кочкуровский муниципальный район,кочкуровский,mr,False,8963100000,ok
Кемский муниципальный район,кемский,mr,False,8661200010,ok
Верхнеколымский муниципальный район,верхнеколымский,mr,False,9861500010,ok
Сысольский муниципальный район,сысольский,mr,False,8763200020,ok
Белевский муниципальный район,белевский,mr,False,7060600000,ok
Заокский муниципальный район,заокский,mr,False,7062200000,ok
муниципальный округ Кочевский,кочевский,mo,False,5752600020,ok
городской округ Верхняя Пышма,верхняя пышма,go,False,6573200000,ok
Тюлячинский муниципальный район,тюлячинский,mr,False,9265600000,ok
Темниковский муниципальный район,темниковский,mr,False,8964900000,ok
Чебоксарский муниципальный округ,чебоксарский,mo,False,9754400000,ok
Дальнеконстантиновский муниципальный округ,дальнеконстантиновский,mo,False,2253000000,ok
Троснянский муниципальный район,троснянский,mr,False,5465400000,ok
городской округ город Свободный,свободный,go,False,,не найдено/неоднозначно
муниципальный округ Кезский район,кезский,mo,False,9452400000,ok
Иглинский муниципальный район,иглинский,mr,False,8062800000,ok
Мечетлинский муниципальный район,мечетлинский,mr,False,8064200000,ok
внутригородская территория города федерального значения поселок Лисий Нос,лисий нос,city_part,False,4032000000,ok
Лениногорский муниципальный район,лениногорский,mr,False,9263600000,ok
городской округ город Кулебаки,кулебаки,go,False,2272700000,ok
Тисульский муниципальный округ,тисульский,mo,False,3252800000,ok
Еманжелинский муниципальный район,еманжелинский,mr,False,7561900000,ok
городской округ город Югорск,югорск,go,False,7188700020,ok
Турочакский муниципальный район,турочакский,mr,False,8462500001,ok
городской округ Кашинский,кашинский,go,False,2875800000,ok
городской округ город Сарапул,сарапул,go,False,9474000000,ok
Исилькульский муниципальный район,исилькульский,mr,False,5261500000,ok
Пожарский муниципальный округ,пожарский,mo,False,0553400001,ok
Варнавинский муниципальный округ,варнавинский,mo,False,2251500000,ok
Таштагольский муниципальный район,таштагольский,mr,False,3262700000,ok
городской округ Баксан,баксан,go,False,8370300000,ok
Добровский муниципальный район,добровский,mr,False,4261500000,ok
внутригородская территория города федерального значения муниципальный округ Озеро Долгое,озеро долгое,city_part,False,4032500000,ok
городской округ город Бугуруслан,бугуруслан,go,False,5370800000,ok
Хангаласский муниципальный район,хангаласский,mr,False,9864400010,ok
городской округ город Новоалтайск,новоалтайск,go,False,0171300000,ok
Урус-Мартановский муниципальный район,урус мартановский,mr,False,9663400000,ok
Краснооктябрьский муниципальный округ,краснооктябрьский,mo,False,2253600000,ok
Азовский немецкий национальный муниципальный район,азовский немецкий,mr,False,5260100000,ok
городской округ город Комсомольск-на-Амуре,комсомольск на амуре,go,False,0870900021,ok
внутригородская территория города федерального значения городской округ Троицк,троицк,city_part,False,4593100000,ok
Ардатовский муниципальный район,ардатовский,mr,False,8960300000,ok
городской округ Камышловский,камышловский,go,False,6574100000,ok
Дмитровский муниципальный район,дмитровский,mr,False,5461200000,ok
городской округ Холмский,холмский,go,False,6475400020,ok
городской округ Электрогорск,электрогорск,go,False,,не найдено/неоднозначно
Ясногорский муниципальный район,ясногорский,mr,False,7065000000,ok
городской округ Анжеро-Судженский,анжеро судженский,go,False,3270400000,ok
городской округ Челябинский,челябинский,go,False,7570100000,ok
Мокшанский муниципальный район,мокшанский,mr,False,5664500000,ok
муниципальный округ Шарканский район,шарканский,mo,False,9454600000,ok
Большереченский муниципальный район,большереченский,mr,False,5260300000,ok
городской округ Протвино,протвино,go,False,4676700000,ok
Звериноголовский муниципальный округ,звериноголовский,mo,False,3750900000,ok
Красноармейский муниципальный район,красноармейский,mr,True,,дубль названия у Сбера
Калачинский муниципальный район,калачинский,mr,False,5261800000,ok
Ульяновский муниципальный район,ульяновский,mr,True,,дубль названия у Сбера
Иволгинский муниципальный район,иволгинский,mr,False,8162200000,ok
внутригородская территория города федерального значения муниципальный округ Балканский,балканский,city_part,False,4090700000,ok
Палехский муниципальный район,палехский,mr,False,2461700000,ok
Караидельский муниципальный район,караидельский,mr,False,8063400000,ok
Пичаевский муниципальный округ,пичаевский,mo,False,6852600000,ok
городской округ Сысертский,сысертский,go,False,6572200000,ok
городской округ Славный,славный,go,False,7073000000,ok
Еланский муниципальный район,еланский,mr,False,1861000000,ok
Зиминский муниципальный район,зиминский,mr,False,2561000000,ok
Большесельский муниципальный район,большесельский,mr,False,7860300000,ok
муниципальный округ Хасынский,хасынский,mo,False,4451900010,ok
городской округ Егорьевск,егорьевск,go,False,4672200000,ok
Шуйский муниципальный район,шуйский,mr,False,2463300000,ok
Дульдургинский муниципальный район,дульдургинский,mr,False,7681100000,ok
Корсаковский муниципальный район,корсаковский,mr,False,5462600000,ok
Карасукский муниципальный район,карасукский,mr,False,5061700000,ok
городской округ Верх-Нейвинский,верх нейвинский,go,False,6576100000,ok
Аромашевский муниципальный район,аромашевский,mr,False,7160700000,ok
городской округ Ухта,ухта,go,False,8772500020,ok
городской округ город Волжск,волжск,go,False,8870500000,ok
Карталинский муниципальный район,карталинский,mr,False,7562300000,ok
Нижнесергинский муниципальный район,нижнесергинский,mr,False,6562800000,ok
Крутихинский муниципальный район,крутихинский,mr,False,0162100000,ok
Палласовский муниципальный район,палласовский,mr,False,1864500000,ok
городской округ Кушвинский,кушвинский,go,False,6574800000,ok
городской округ город Канаш,канаш,go,False,,не найдено/неоднозначно
городской округ Советский,советский,go,False,2773000000,ok
Венгеровский муниципальный район,венгеровский,mr,False,5060800000,ok
внутригородская территория города федерального значения муниципальный округ Бабушкинский,бабушкинский,city_part,False,,не найдено/неоднозначно
Смидовичский муниципальный район,смидовичский,mr,False,9963000000,ok
Дзержинский муниципальный район,дзержинский,mr,True,,дубль названия у Сбера
Ютазинский муниципальный район,ютазинский,mr,False,9265400000,ok
муниципальный округ Вилегодский,вилегодский,mo,False,1151100020,ok
Воскресенский муниципальный округ,воскресенский,mo,False,2252200000,ok
Долгоруковский муниципальный район,долгоруковский,mr,False,4261800000,ok
Балаганский муниципальный район,балаганский,mr,False,2560100000,ok
Ромненский муниципальный округ,ромненский,mo,False,1054000000,ok
Базарносызганский муниципальный район,базарносызганский,mr,False,7360200000,ok
внутригородская территория города федерального значения поселение Первомайское,первомайское,city_part,False,4595500000,ok
внутригородская территория города федерального значения муниципальный округ Автово,автово,city_part,False,4033800000,ok
внутригородская территория города федерального значения поселение Краснопахорское,краснопахорское,city_part,False,4594800000,ok
муниципальный округ Ямальский район,ямальский,mo,False,7194800011,ok
Менделеевский муниципальный район,менделеевский,mr,False,9263900000,ok
Закаменский муниципальный район,закаменский,mr,False,8162100000,ok
Красногорский муниципальный район,красногорский,mr,False,,не найдено/неоднозначно
городской округ Троицкий,троицкий,go,False,7575200000,ok
Городовиковский муниципальный район,городовиковский,mr,False,8560500000,ok
Петровский муниципальный район,петровский,mr,False,6363500000,ok
городской округ город Сибай,сибай,go,False,8074300000,ok
Вельский муниципальный район,вельский,mr,False,1160500020,ok
муниципальный округ Ярский район,ярский,mo,False,9455200000,ok
Упоровский муниципальный район,упоровский,mr,False,7165000000,ok
городской округ город Шахунья,шахунья,go,False,2275800000,ok
муниципальный округ Нестеровский,нестеровский,mo,False,2751500000,ok
муниципальный округ Зубцовский,зубцовский,mo,False,2851800000,ok
муниципальный округ Вавожский район,вавожский,mo,False,9450600000,ok
Тегульдетский муниципальный район,тегульдетский,mr,False,6965200021,ok
Каргасокский муниципальный район,каргасокский,mr,False,6962400021,ok
городской округ Томаринский,томаринский,go,False,6474800020,ok
Усть-Большерецкий муниципальный район,усть большерецкий,mr,False,3061600011,ok
муниципальный округ Арбажский,арбажский,mo,False,3350200000,ok
Таймырский Долгано-Ненецкий муниципальный район,таймырский долгано ненецкий,mr,False,0465300011,ok
Среднеколымский муниципальный район,среднеколымский,mr,False,9864600010,ok
"внутригородская территория города федерального значения поселение Мосрентген""""",мосрентген,city_part,False,4595300000,ok
внутригородская территория города федерального значения муниципальный округ Лефортово,лефортово,city_part,False,4538800000,ok
Троицко-Печорский муниципальный район,троицко печорский,mr,False,8763600020,ok
Березовский муниципальный район,березовский,mr,True,,дубль названия у Сбера
Татищевский муниципальный район,татищевский,mr,False,6364600000,ok
Яшалтинский муниципальный район,яшалтинский,mr,False,8565000000,ok
городской округ город Рязань,рязань,go,False,6170100000,ok
Поддорский муниципальный район,поддорский,mr,False,4963400000,ok
Сургутский муниципальный район,сургутский,mr,False,7182600020,ok
Ровенский муниципальный район,ровенский,mr,False,6363900000,ok
городской округ город Горно-Алтайск,горно алтайск,go,False,8470100000,ok
Захаровский муниципальный район,захаровский,mr,False,6160400000,ok
городской округ город Биробиджан,биробиджан,go,False,9970100000,ok
Муезерский муниципальный район,муезерский,mr,False,8662700020,ok
Крутинский муниципальный район,крутинский,mr,False,5262600000,ok
внутригородская территория города федерального значения муниципальный округ Западное Дегунино,западное дегунино,city_part,False,4534000000,ok
Ирафский муниципальный район,ирафский,mr,False,9062000000,ok
внутригородская территория города федерального значения поселение Киевский,киевский,city_part,False,4594500000,ok
Новоорский муниципальный район,новоорский,mr,False,5363000000,ok
Левокумский муниципальный округ,левокумский,mo,False,0753600000,ok
Бурлинский муниципальный район,бурлинский,mr,False,0160600000,ok
Булунский муниципальный район,булунский,mr,False,9861200010,ok
Камешкирский муниципальный район,камешкирский,mr,False,5663100000,ok
Аргаяшский муниципальный район,аргаяшский,mr,False,7560600000,ok
городской округ Алапаевское,алапаевское,go,False,,не найдено/неоднозначно
Новоаннинский муниципальный район,новоаннинский,mr,False,1863800000,ok
городской округ Охинский,охинский,go,False,6473600011,ok
внутригородская территория города федерального значения муниципальный округ Кунцево,кунцево,city_part,False,4532000000,ok
городской округ Белоярский,белоярский,go,False,6570600000,ok
Богучанский муниципальный район,богучанский,mr,False,0460900020,ok
городской округ город Урюпинск,урюпинск,go,False,1872500000,ok
муниципальный округ Каргопольский,каргопольский,mo,False,1151800020,ok
Южский муниципальный район,южский,mr,False,2463500000,ok
городской округ город Губкинский,губкинский,go,False,,не найдено/неоднозначно
Старополтавский муниципальный район,старополтавский,mr,False,1865200000,ok
Глазуновский муниципальный район,глазуновский,mr,False,5461000000,ok
Эвенкийский муниципальный район,эвенкийский,mr,False,0465000011,ok
Улаганский муниципальный район,улаганский,mr,False,8463000021,ok
Елховский муниципальный район,елховский,mr,False,3661500000,ok
внутригородская территория города федерального значения муниципальный округ Восточный,восточный,city_part,False,4526300000,ok
Мосальский муниципальный район,мосальский,mr,False,2962900000,ok
Монастырщинский муниципальный район,монастырщинский,mr,False,6662700000,ok
внутригородская территория города федерального значения муниципальный округ Фили-Давыдково,фили давыдково,city_part,False,4532900000,ok
внутригородская территория города федерального значения муниципальный округ Головинский,головинский,city_part,False,,не найдено/неоднозначно
Убинский муниципальный район,убинский,mr,False,5065400000,ok
Великоустюгский муниципальный округ,великоустюгский,mo,False,1951400000,ok
Аллаиховский муниципальный район,аллаиховский,mr,False,9860600010,ok
внутригородская территория города федерального значения муниципальный округ Ростокино,ростокино,city_part,False,4536000000,ok
городской округ Северо-Курильский,северо курильский,go,False,6474300010,ok
городской округ город Вятские Поляны,вятские поляны,go,False,3370400000,ok
городской округ город Калуга,калуга,go,False,2970100000,ok
Шемышейский муниципальный район,шемышейский,mr,False,5665900000,ok
Шушенский муниципальный район,шушенский,mr,False,0465900000,ok
Зеленчукский муниципальный район,зеленчукский,mr,False,9161000000,ok
Калачевский муниципальный район,калачевский,mr,False,1861600000,ok
Шумячский муниципальный район,шумячский,mr,False,6665600000,ok
Омутинский муниципальный район,омутинский,mr,False,7163400000,ok
внутригородская территория города федерального значения муниципальный округ Морской,морской,city_part,False,4031000000,ok
Акбулакский муниципальный район,акбулакский,mr,False,5360500000,ok
Онежский муниципальный район,онежский,mr,False,1164600020,ok
Лоухский муниципальный район,лоухский,mr,False,8662100010,ok
муниципальный округ Якшур-Бодьинский район,якшур бодьинский,mo,False,9455000000,ok
Краснобаковский муниципальный округ,краснобаковский,mo,False,2253500000,ok
муниципальный округ Карагайский,карагайский,mo,False,5752200000,ok
городской округ город Томск,томск,go,False,6970100000,ok
Кунашакский муниципальный район,кунашакский,mr,False,7563600000,ok
Новоузенский муниципальный район,новоузенский,mr,False,6363000000,ok
городской округ Междуреченский,междуреченский,go,False,3272500000,ok
Зональный муниципальный район,зональный,mr,False,0162900000,ok
Хвастовичский муниципальный район,хвастовичский,mr,False,2964600000,ok
Нагайбакский муниципальный район,нагайбакский,mr,False,7564200000,ok
Хасанский муниципальный округ,хасанский,mo,False,0554800000,ok
муниципальный округ Ординский,ординский,mo,False,5753800000,ok
городской округ Тымовский,тымовский,go,False,6475000021,ok
Апанасенковский муниципальный округ,апанасенковский,mo,False,0750500000,ok
Третьяковский муниципальный район,третьяковский,mr,False,0165000000,ok
городской округ город Сургут,сургут,go,False,7187600020,ok
городской округ город Хабаровск,хабаровск,go,False,0870100001,ok
Солнечный муниципальный район,солнечный,mr,False,0864400021,ok
муниципальный район Заполярный район,заполярный,mr,False,1181100010,ok
Усть-Ишимский муниципальный район,усть ишимский,mr,False,5265700000,ok
Косихинский муниципальный район,косихинский,mr,False,0161800000,ok
Шкотовский муниципальный округ,шкотовский,mo,False,0555700000,ok
Кильмезский муниципальный район,кильмезский,mr,False,3361700000,ok
Чебулинский муниципальный округ,чебулинский,mo,False,3253700000,ok
Мышкинский муниципальный район,мышкинский,mr,False,7862100000,ok
Тюкалинский муниципальный район,тюкалинский,mr,False,5265600000,ok
Починковский муниципальный район,починковский,mr,False,6663300000,ok
городской округ город Канск,канск,go,False,0472000000,ok
Нижнетавдинский муниципальный район,нижнетавдинский,mr,False,7163200000,ok
внутригородская территория города федерального значения муниципальный округ Прометей,прометей,city_part,False,4033400000,ok
городской округ город Фролово,фролово,go,False,1872800000,ok
городской округ Краснокамский,краснокамский,go,False,5772000000,ok
городской округ Гайский,гайский,go,False,5371300000,ok
Сампурский муниципальный округ,сампурский,mo,False,6853200000,ok
внутригородская территория города федерального значения муниципальный округ Зябликово,зябликово,city_part,False,4591600000,ok
муниципальный округ Опаринский,опаринский,mo,False,3352900000,ok
внутригородская территория города федерального значения поселок Александровская,александровская,city_part,False,4039800000,ok
внутригородская территория города федерального значения муниципальный округ Метрогородок,метрогородок,city_part,False,4531100000,ok
Дубенский муниципальный район,дубенский,mr,True,,дубль названия у Сбера
Ишимбайский муниципальный район,ишимбайский,mr,False,8063100000,ok
Питерский муниципальный район,питерский,mr,False,6363600000,ok
Тюхтетский муниципальный округ,тюхтетский,mo,False,0455500000,ok
внутригородская территория города федерального значения муниципальный округ Екатерингофский,екатерингофский,city_part,False,4030600000,ok
Биробиджанский муниципальный район,биробиджанский,mr,False,9960500000,ok
Верховажский муниципальный округ,верховажский,mo,False,1951600000,ok
Кинельский муниципальный район,кинельский,mr,False,3661800000,ok
Давлекановский муниципальный район,давлекановский,mr,False,8062200000,ok
муниципальный округ Пермский,пермский,mo,False,5754600000,ok
внутригородская территория города федерального значения муниципальный округ Дорогомилово,дорогомилово,city_part,False,4531800000,ok
Мазановский муниципальный район,мазановский,mr,False,1063200000,ok
Щучанский муниципальный округ,щучанский,mo,False,3754400000,ok
Прохладненский муниципальный район,прохладненский,mr,False,8362500000,ok
Инзенский муниципальный район,инзенский,mr,False,7361000000,ok
Хвалынский муниципальный район,хвалынский,mr,False,6364900000,ok
внутригородская территория города федерального значения муниципальный округ Филевский парк,филевский парк,city_part,False,4532800000,ok
Шаблыкинский муниципальный район,шаблыкинский,mr,False,5465900000,ok
Муромцевский муниципальный район,муромцевский,mr,False,5263400000,ok
Омский муниципальный район,омский,mr,False,5264400000,ok
городской округ город Махачкала,махачкала,go,False,8270100000,ok
Лопатинский муниципальный район,лопатинский,mr,False,5664200000,ok
городской округ Самара,самара,go,False,3670100000,ok
городской округ город Галич,галич,go,False,3470800000,ok
Гагинский муниципальный округ,гагинский,mo,False,2252600000,ok
Арсеньевский муниципальный район,арсеньевский,mr,False,7060400000,ok
муниципальный округ Зеленоградский,зеленоградский,mo,False,2751000000,ok
Козловский муниципальный округ,козловский,mo,False,9751900000,ok
Рыбновский муниципальный район,рыбновский,mr,False,6162700000,ok
Домбаровский муниципальный район,домбаровский,mr,False,5361700000,ok
городской округ Черкесский,черкесский,go,False,9170100000,ok
городской округ Ленинск-Кузнецкий,ленинск кузнецкий,go,False,3271900000,ok
Алагирский муниципальный район,алагирский,mr,False,9060500000,ok
Облученский муниципальный район,облученский,mr,False,9962000000,ok
Торбеевский муниципальный район,торбеевский,mr,False,8965400000,ok
внутригородская территория города федерального значения муниципальный округ Княжево,княжево,city_part,False,4033500000,ok
Большеигнатовский муниципальный район,большеигнатовский,mr,False,8961300000,ok
Новобурасский муниципальный район,новобурасский,mr,False,6362900000,ok
городской округ Березовский,березовский,go,True,,дубль названия у Сбера
Кирилловский муниципальный округ,кирилловский,mo,False,1952800000,ok
Умётский муниципальный округ,уметский,mo,False,6854600000,ok
городской округ Нижняя Салда,нижняя салда,go,False,6575000000,ok
Пий-Хемский муниципальный район,пий хемский,mr,False,9363500020,ok
городской округ Лыткарино,лыткарино,go,False,4674100000,ok
Мариинско-Посадский муниципальный округ,мариинско посадский,mo,False,9752900000,ok
внутригородская территория города федерального значения муниципальный округ Чкаловское,чкаловское,city_part,False,4039400000,ok
городской округ Котлас,котлас,go,False,1171000020,ok
Константиновский муниципальный район,константиновский,mr,False,,не найдено/неоднозначно
Вичугский муниципальный район,вичугский,mr,False,2460100000,ok
Черемшанский муниципальный район,черемшанский,mr,False,9265800000,ok
городской округ Киселевский,киселевский,go,False,3271600000,ok
Грачёвский муниципальный округ,грачевский,mo,False,0751700000,ok
городской округ город Аргун,аргун,go,False,9670200000,ok
Абанский муниципальный район,абанский,mr,False,0460100000,ok
муниципальный округ Мурашинский,мурашинский,mo,False,3352400000,ok
внутригородская территория города федерального значения муниципальный округ Ланское,ланское,city_part,False,4032300000,ok
Барышский муниципальный район,барышский,mr,False,7360400000,ok
Бичурский муниципальный район,бичурский,mr,False,8160900000,ok
Ломоносовский муниципальный район,ломоносовский,mr,False,,не найдено/неоднозначно
городской округ город Елец,елец,go,False,4271500000,ok
Саракташский муниципальный район,саракташский,mr,False,5364100000,ok
Быстроистокский муниципальный район,быстроистокский,mr,False,0160700000,ok
Татарский муниципальный район,татарский,mr,False,5065000000,ok
Майминский муниципальный район,майминский,mr,False,8461500000,ok
Волчихинский муниципальный район,волчихинский,mr,False,0160800000,ok
городской округ Инта,инта,go,False,8771500010,ok
Тункинский муниципальный район,тункинский,mr,False,8165100000,ok
Петушинский муниципальный район,петушинский,mr,False,1764600000,ok
Чамзинский муниципальный район,чамзинский,mr,False,8965700000,ok
Буинский муниципальный район,буинский,mr,False,9261800000,ok
городской округ Талицкий,талицкий,go,False,6572400000,ok
внутригородская территория города федерального значения муниципальный округ Звездное,звездное,city_part,False,4037700000,ok
внутригородская территория города федерального значения поселок Понтонный,понтонный,city_part,False,4034500000,ok
Балаковский муниципальный район,балаковский,mr,False,6360700000,ok
Барабинский муниципальный район,барабинский,mr,False,5060400000,ok
городской округ Кемеровский,кемеровский,go,False,3270100000,ok
Окинский муниципальный район,окинский,mr,False,8163900021,ok
муниципальный округ Сонковский,сонковский,mo,False,2855100000,ok
городской округ Краснотурьинск,краснотурьинск,go,False,6574500000,ok
Енотаевский муниципальный район,енотаевский,mr,False,1261500000,ok
внутригородская территория города федерального значения поселение Филимонковское,филимонковское,city_part,False,4595900000,ok
Ковылкинский муниципальный район,ковылкинский,mr,False,8962900000,ok
Аликовский муниципальный округ,аликовский,mo,False,9750500000,ok
Сенгилеевский муниципальный район,сенгилеевский,mr,False,7363600000,ok
внутригородская территория города федерального значения муниципальный округ № 15,15,city_part,False,,не найдено/неоднозначно
внутригородская территория города федерального значения муниципальный округ Богородское,богородское,city_part,False,4530100000,ok
Далматовский муниципальный округ,далматовский,mo,False,3750800000,ok
Могочинский муниципальный округ,могочинский,mo,False,7652600000,ok
Яшкульский муниципальный район,яшкульский,mr,False,8565400000,ok
Чегемский муниципальный район,чегемский,mr,False,8364500000,ok
Аскинский муниципальный район,аскинский,mr,False,8060400000,ok
Стерлитамакский муниципальный район,стерлитамакский,mr,False,8064900000,ok
городской округ город Переславль-Залесский,переславль залесский,go,False,7870500000,ok
внутригородская территория города федерального значения город Кронштадт,кронштадт,city_part,False,4036000000,ok
Поспелихинский муниципальный район,поспелихинский,mr,False,0163400000,ok
Моргаушский муниципальный округ,моргаушский,mo,False,9753200000,ok
внутригородская территория города федерального значения муниципальный округ Нагорный,нагорный,city_part,False,,не найдено/неоднозначно
Кочковский муниципальный район,кочковский,mr,False,5062500000,ok
муниципальный округ Березовский,березовский,mo,False,5750600000,ok
Кемеровский муниципальный округ,кемеровский,mo,False,3250700000,ok
Канский муниципальный район,канский,mr,False,0462100000,ok
Вачский муниципальный округ,вачский,mo,False,2251700000,ok
Верхнебуреинский муниципальный район,верхнебуреинский,mr,False,0861400021,ok
Благодарненский муниципальный округ,благодарненский,mo,False,0751000000,ok
Кукморский муниципальный район,кукморский,mr,False,9263300000,ok
муниципальный район город Нерехта и Нерехтский район,нерехта и нерехтский,mr,False,3462600000,ok
муниципальный округ Краснознаменский,краснознаменский,mo,False,2751300000,ok
городской округ город Салават,салават,go,False,8073900000,ok
городской округ Верхнее Дуброво,верхнее дуброво,go,False,6576000000,ok
Бураевский муниципальный район,бураевский,mr,False,8061800000,ok
городской округ Невельский,невельский,go,False,6472800020,ok
Усть-Илимский муниципальный район,усть илимский,mr,False,,не найдено/неоднозначно
Котовский муниципальный район,котовский,mr,False,1862600000,ok
муниципальный округ Юкаменский район,юкаменский,mo,False,9454800000,ok
Новодугинский муниципальный район,новодугинский,mr,False,6663000000,ok
Чернышевский муниципальный район,чернышевский,mr,False,7664800000,ok
Энгельсский муниципальный район,энгельсский,mr,False,6365000000,ok
городской округ Усть-Катавский,усть катавский,go,False,7575500000,ok
Узловский муниципальный район,узловский,mr,False,7064400000,ok
городской округ Северодвинск,северодвинск,go,False,1173000010,ok
Моздокский муниципальный район,моздокский,mr,False,9063000000,ok
внутригородская территория города федерального значения муниципальный округ Правобережный,правобережный,city_part,False,4038600000,ok
городской округ город Белогорск,белогорск,go,False,1071000000,ok
Качугский муниципальный район,качугский,mr,False,2561800000,ok
Вязниковский муниципальный район,вязниковский,mr,False,1761000000,ok
городской округ Клин,клин,go,False,4673700000,ok
Кузоватовский муниципальный район,кузоватовский,mr,False,7361600000,ok
Куньинский муниципальный район,куньинский,mr,False,5861600000,ok
Елизовский муниципальный район,елизовский,mr,False,3060700011,ok
Тутаевский муниципальный район,тутаевский,mr,False,7864300000,ok
городской округ город Черемхово,черемхово,go,False,,не найдено/неоднозначно
Прибайкальский муниципальный район,прибайкальский,mr,False,8164200000,ok
внутригородская территория города федерального значения муниципальный округ Красносельский,красносельский,city_part,False,4027900000,ok
Переволоцкий муниципальный район,переволоцкий,mr,False,5363700000,ok
Лебяжьевский муниципальный округ,лебяжьевский,mo,False,3751800000,ok
муниципальный округ город Славгород,славгород,mo,False,0153900000,ok
Александро-Невский муниципальный район,александро невский,mr,False,6162000000,ok
муниципальный район имени Лазо,лазо,mr,False,0862400001,ok
Сунтарский муниципальный район,сунтарский,mr,False,9864800010,ok
Большеболдинский муниципальный округ,большеболдинский,mo,False,2250900000,ok
Вадинский муниципальный район,вадинский,mr,False,5661500000,ok
городской округ Балтийский,балтийский,go,False,2770500000,ok
внутригородская территория города федерального значения муниципальный округ Арбат,арбат,city_part,False,4537400000,ok
внутригородская территория города федерального значения муниципальный округ Пороховые,пороховые,city_part,False,4035100000,ok
Агрызский муниципальный район,агрызский,mr,False,9260100000,ok
муниципальный округ Солецкий,солецкий,mo,False,4853800000,ok
Усть-Кутский муниципальный район,усть кутский,mr,False,2564400020,ok
городской округ город Дагестанские Огни,дагестанские огни,go,False,8270800000,ok
Тернейский муниципальный округ,тернейский,mo,False,0554000021,ok
Белокатайский муниципальный район,белокатайский,mr,False,8061000000,ok
городской округ Дмитровский,дмитровский,go,False,4671500000,ok
Селивановский муниципальный район,селивановский,mr,False,1764800000,ok
Волховский муниципальный район,волховский,mr,False,4160900000,ok
Могойтуйский муниципальный район,могойтуйский,mr,False,7682500000,ok
Горьковский муниципальный район,горьковский,mr,False,5260900000,ok
Усть-Удинский муниципальный район,усть удинский,mr,False,2564600000,ok
Матвеевский муниципальный район,матвеевский,mr,False,5362700000,ok
Усть-Калманский муниципальный район,усть калманский,mr,False,0165400000,ok
Первомайский муниципальный округ,первомайский,mo,False,6852200000,ok
городской округ город Смоленск,смоленск,go,False,6670100000,ok
внутригородская территория города федерального значения муниципальный округ Владимирский округ,владимирский,city_part,False,4091300000,ok
Сабинский муниципальный район,сабинский,mr,False,9265200000,ok
городской округ Заводоуковский,заводоуковский,go,False,7170300000,ok
внутригородская территория города федерального значения муниципальный округ Чертаново Центральное,чертаново центральное,city_part,False,4592500000,ok
Хлевенский муниципальный район,хлевенский,mr,False,4265200000,ok
муниципальный округ город Оленегорск,оленегорск,mo,False,4752600010,ok
городской округ город Тюмень,тюмень,go,False,7170100000,ok
городской округ Ясненский,ясненский,go,False,5373200000,ok
городской округ Тавдинский,тавдинский,go,False,6572300000,ok
внутригородская территория города федерального значения муниципальный округ Морские ворота,морские ворота,city_part,False,4034100000,ok
Кыштовский муниципальный район,кыштовский,mr,False,5063400000,ok
муниципальный округ Лебяжский,лебяжский,mo,False,3352100000,ok
Архангельский муниципальный район,архангельский,mr,False,8060300000,ok
муниципальный округ Гайнский,гайнский,mo,False,5751300020,ok
Чишминский муниципальный район,чишминский,mr,False,8065700000,ok
Усольский муниципальный район,усольский,mr,False,2564000000,ok
Пошехонский муниципальный район,пошехонский,mr,False,7863400000,ok
внутригородская территория города федерального значения муниципальный округ Северное Медведково,северное медведково,city_part,False,4536200000,ok
муниципальный округ Красноселькупский район,красноселькупский,mo,False,7193300011,ok
Володарский муниципальный район,володарский,mr,False,1261000000,ok
Калманский муниципальный район,калманский,mr,False,0161500000,ok
Оловяннинский муниципальный район,оловяннинский,mr,False,7663200000,ok
Целинный муниципальный округ,целинный,mo,False,3753400000,ok
Завьяловский муниципальный район,завьяловский,mr,False,0161100000,ok
Одоевский муниципальный район,одоевский,mr,False,7063600000,ok
городской округ Домодедово,домодедово,go,False,4670900000,ok
Перемышльский муниципальный район,перемышльский,mr,False,2963200000,ok
Суворовский муниципальный район,суворовский,mr,False,7064000000,ok
муниципальный округ Максатихинский,максатихинский,mo,False,2854000000,ok
городской округ Осташковский,осташковский,go,False,2875200000,ok
внутригородская территория города федерального значения  Александровский муниципальный округ,александровский,city_part,False,4090600000,ok
Новоторъяльский муниципальный район,новоторъяльский,mr,False,8863600000,ok
городской округ город Муравленко,муравленко,go,False,7195500010,ok
внутригородская территория города федерального значения муниципальный округ Выхино-Жулебино,выхино жулебино,city_part,False,4538500000,ok
Шелаболихинский муниципальный район,шелаболихинский,mr,False,0164500000,ok
Мамадышский муниципальный район,мамадышский,mr,False,9263800000,ok
Липецкий муниципальный район,липецкий,mr,False,4264000000,ok
Хорольский муниципальный округ,хорольский,mo,False,0555000000,ok
Пустошкинский муниципальный район,пустошкинский,mr,False,5865000000,ok
Великолукский муниципальный район,великолукский,mr,False,5860600000,ok
Улётовский муниципальный район,улетовский,mr,False,7664600000,ok
городской округ город Урай,урай,go,False,7187800020,ok
городской округ город Тверь,тверь,go,False,2870100000,ok
внутригородская территория города федерального значения муниципальный округ Пулковский меридиан,пулковский меридиан,city_part,False,4037600000,ok
Чухломский муниципальный район,чухломский,mr,False,3464600000,ok
городской округ Долгопрудный,долгопрудный,go,False,4671600000,ok
городской округ город Донской,донской,go,False,,не найдено/неоднозначно
муниципальный округ Сивинский,сивинский,mo,False,5754800000,ok
внутригородская территория города федерального значения муниципальный округ Сосновское,сосновское,city_part,False,4031600000,ok
муниципальный округ Юсьвинский,юсьвинский,mo,False,5756000000,ok
городской округ Чапаевск,чапаевск,go,False,3675000000,ok
Сямженский муниципальный округ,сямженский,mo,False,1954000000,ok
Армизонский муниципальный район,армизонский,mr,False,7160500000,ok
Ковернинский муниципальный округ,ковернинский,mo,False,2253400000,ok
муниципальный округ Сюмсинский район,сюмсинский,mo,False,9454100000,ok
Янтиковский муниципальный округ,янтиковский,mo,False,9755800000,ok
Безенчукский муниципальный район,безенчукский,mr,False,3660400000,ok
внутригородская территория города федерального значения муниципальный округ Строгино,строгино,city_part,False,4537000000,ok
Пушкиногорский муниципальный район,пушкиногорский,mr,False,5865100000,ok
Мильковский муниципальный округ,мильковский,mo,False,3051000011,ok
Аларский муниципальный район,аларский,mr,False,2560500000,ok
муниципальный округ Струго-Красненский,струго красненский,mo,False,5855600000,ok
Приозерский муниципальный район,приозерский,mr,False,4163900000,ok
Зеленодольский муниципальный район,зеленодольский,mr,False,9262800000,ok
Карагинский муниципальный район,карагинский,mr,False,3082400011,ok
городской округ город Назарово,назарово,go,False,0472600000,ok
муниципальный округ Александровский,александровский,mo,False,,не найдено/неоднозначно
Лукояновский муниципальный округ,лукояновский,mo,False,2253900000,ok
Свободненский муниципальный район,свободненский,mr,False,1064200000,ok
Хиславичский муниципальный район,хиславичский,mr,False,6665200000,ok
внутригородская территория города федерального значения муниципальный округ Кронверкское,кронверкское,city_part,False,4039000000,ok
Осинский муниципальный район,осинский,mr,False,2563100000,ok
Тахтамукайский муниципальный район,тахтамукайский,mr,False,7963000000,ok
Борский муниципальный район,борский,mr,False,3661200000,ok
Малоархангельский муниципальный район,малоархангельский,mr,False,5463200000,ok
городской округ город Арзамас,арзамас,go,False,2270300000,ok
Кетченеровский муниципальный район,кетченеровский,mr,False,8562500000,ok
Гурьевский муниципальный округ,гурьевский,mo,False,,не найдено/неоднозначно
внутригородская территория города федерального значения муниципальный округ Гагаринский,гагаринский,city_part,False,6731000000,ok
городской округ Ильинский,ильинский,go,False,5775900000,ok
муниципальный округ город Апатиты,апатиты,mo,False,4751900010,ok
Прокопьевский муниципальный округ,прокопьевский,mo,False,3252200000,ok
Красногвардейский муниципальный округ,красногвардейский,mo,False,0753000000,ok
Новосибирский муниципальный район,новосибирский,mr,False,5064000000,ok
Кингисеппский муниципальный район,кингисеппский,mr,False,4162100000,ok
Мишкинский муниципальный район,мишкинский,mr,False,8064300000,ok
Лебедянский муниципальный район,лебедянский,mr,False,4263300000,ok
Воскресенский муниципальный район,воскресенский,mr,False,6361200000,ok
городской округ Гусевский,гусевский,go,False,2770900000,ok
городской округ Светловский,светловский,go,False,2772500000,ok
муниципальный округ Старицкий,старицкий,mo,False,2855300000,ok
внутригородская территория города федерального значения город Колпино,колпино,city_part,False,4034200000,ok
городской округ Дальнереченский,дальнереченский,go,False,0570800000,ok
городской округ Ступино,ступино,go,False,4677600000,ok
муниципальный округ Кимрский,кимрский,mo,False,2852800000,ok
Шенталинский муниципальный район,шенталинский,mr,False,3664800000,ok
Камышинский муниципальный район,камышинский,mr,False,1861800000,ok
Ловозерский муниципальный район,ловозерский,mr,False,4761000011,ok
внутригородская территория города федерального значения муниципальный округ Даниловский,даниловский,city_part,False,,не найдено/неоднозначно
Чекмагушевский муниципальный район,чекмагушевский,mr,False,8065600000,ok
Должанский муниципальный район,должанский,mr,False,5461500000,ok
Братский муниципальный район,братский,mr,False,2560400020,ok
Чудовский муниципальный район,чудовский,mr,False,4965000000,ok
Шимановский муниципальный округ,шимановский,mo,False,1055500000,ok
Заиграевский муниципальный район,заиграевский,mr,False,8161800000,ok
городской округ Красновишерский,красновишерский,go,False,5776000000,ok
городской округ город Новотроицк,новотроицк,go,False,5372000000,ok
внутригородская территория города федерального значения муниципальный округ Ярославский,ярославский,city_part,False,,не найдено/неоднозначно
Курманаевский муниципальный район,курманаевский,mr,False,5362500000,ok
городской округ Кашира,кашира,go,False,4673500000,ok
внутригородская территория города федерального значения муниципальный округ № 72,72,city_part,False,,не найдено/неоднозначно
Наримановский муниципальный район,наримановский,mr,False,1264000000,ok
Иловлинский муниципальный район,иловлинский,mr,False,1861400000,ok
внутригородская территория города федерального значения муниципальный округ Ясенево,ясенево,city_part,False,4591000000,ok
Грязинский муниципальный район,грязинский,mr,False,4260600000,ok
муниципальный округ Афанасьевский,афанасьевский,mo,False,3350300000,ok
городской округ Королёв,королев,go,False,4673400000,ok
Архаринский муниципальный округ,архаринский,mo,False,1050500000,ok
Оренбургский муниципальный район,оренбургский,mr,False,5363400000,ok
Александрово-Гайский муниципальный район,александрово гайский,mr,False,6360200000,ok
городской округ город Бердск,бердск,go,False,5070800000,ok
городской округ Кировградский,кировградский,go,False,6574400000,ok
внутригородская территория города федерального значения поселение Роговское,роговское,city_part,False,4595600000,ok
Красночикойский муниципальный район,красночикойский,mr,False,7662200000,ok
Новокузнецкий муниципальный округ,новокузнецкий,mo,False,3251900000,ok
Малокарачаевский муниципальный район,малокарачаевский,mr,False,9162000000,ok
муниципальный округ Усинск,усинск,mo,False,8752300010,ok
Фроловский муниципальный район,фроловский,mr,False,1865600000,ok
внутригородская территория города федерального значения муниципальный округ Матушкино,матушкино,city_part,False,4533100000,ok
муниципальный округ Северо-Эвенский,северо эвенский,mo,False,4450700011,ok
Нюрбинский муниципальный район,нюрбинский,mr,False,9862600010,ok
Ивановский муниципальный округ,ивановский,mo,False,1052800000,ok
внутригородская территория города федерального значения муниципальный округ Невский округ,невский,city_part,False,,не найдено/неоднозначно
Грачёвский муниципальный район,грачевский,mr,False,5361500000,ok
городской округ рабочий поселок Кольцово,кольцово,go,False,5074000000,ok
муниципальный округ Макушинский,макушинский,mo,False,3752000000,ok
Пригородный муниципальный район,пригородный,mr,False,9064000000,ok
Износковский муниципальный район,износковский,mr,False,2961500000,ok
городской округ Партизанский,партизанский,go,False,0571700000,ok
Ухоловский муниципальный район,ухоловский,mr,False,6165000000,ok
городской округ город Нижневартовск,нижневартовск,go,False,7187500020,ok
городской округ город Мценск,мценск,go,False,5471000000,ok
Азнакаевский муниципальный район,азнакаевский,mr,False,9260200000,ok
Сарпинский муниципальный район,сарпинский,mr,False,8563200000,ok
Черемховский муниципальный район,черемховский,mr,False,2564800000,ok
городской округ город Алапаевск,алапаевск,go,False,,не найдено/неоднозначно
Кожевниковский муниципальный район,кожевниковский,mr,False,6962800000,ok
Баяндаевский муниципальный район,баяндаевский,mr,False,2560700000,ok
Кармаскалинский муниципальный район,кармаскалинский,mr,False,8063500000,ok
городской округ город Кедровый,кедровый,go,False,,не найдено/неоднозначно
городской округ город Уфа,уфа,go,False,8070100000,ok
городской округ город Яровое,яровое,go,False,0173000000,ok
Куженерский муниципальный район,куженерский,mr,False,8862000000,ok
внутригородская территория города федерального значения город Петергоф,петергоф,city_part,False,4039500000,ok
Большеберезниковский муниципальный район,большеберезниковский,mr,False,8961000000,ok
Бавлинский муниципальный район,бавлинский,mr,False,9261400000,ok
Кологривский муниципальный округ,кологривский,mo,False,3451200000,ok
Сегежский муниципальный округ,сегежский,mo,False,8654500020,ok
Щекинский муниципальный район,щекинский,mr,False,7064800000,ok
Кадошкинский муниципальный район,кадошкинский,mr,False,8962800000,ok
внутригородская территория города федерального значения муниципальный округ Полюстрово,полюстрово,city_part,False,4034800000,ok
Данковский муниципальный район,данковский,mr,False,4260900000,ok
Тевризский муниципальный район,тевризский,mr,False,5265500000,ok
Мантуровский муниципальный округ,мантуровский,mo,False,3452000000,ok
Фурмановский муниципальный район,фурмановский,mr,False,2463100000,ok
городской округ Воркута,воркута,go,False,8771000011,ok
Ряжский муниципальный округ,ряжский,mo,False,6153000000,ok
городской округ Соль-Илецкий,соль илецкий,go,False,5372500000,ok
муниципальный округ Косинский,косинский,mo,False,5752500020,ok
внутригородская территория города федерального значения муниципальный округ Перово,перово,city_part,False,4531200000,ok
Печенгский муниципальный округ,печенгский,mo,False,4751500010,ok
городской округ город Свирск,свирск,go,False,,не найдено/неоднозначно
Краснощёковский муниципальный район,краснощековский,mr,False,0162000000,ok
Анучинский муниципальный округ,анучинский,mo,False,0550200000,ok
Селемджинский муниципальный район,селемджинский,mr,False,,не найдено/неоднозначно
городской округ город Нефтекамск,нефтекамск,go,False,8072700000,ok
Усть-Майский муниципальный район,усть майский,mr,False,9865400010,ok
Порецкий муниципальный округ,порецкий,mo,False,9753500000,ok
Чистоозерный муниципальный район,чистоозерный,mr,False,5065800000,ok
Кошкинский муниципальный район,кошкинский,mr,False,3662400000,ok
Новосокольнический муниципальный район,новосокольнический,mr,False,5862600000,ok
Меленковский муниципальный район,меленковский,mr,False,1764200000,ok
внутригородская территория города федерального значения муниципальный округ Рыбацкое,рыбацкое,city_part,False,4038100000,ok
Завитинский муниципальный округ,завитинский,mo,False,1052100000,ok
Частоозерский муниципальный округ,частоозерский,mo,False,3753600000,ok
городской округ Анадырь,анадырь,go,False,7770100011,ok
Мелеузовский муниципальный район,мелеузовский,mr,False,8064100000,ok
городской округ город Калининград,калининград,go,False,2770100000,ok
внутригородская территория города федерального значения муниципальный округ Царицыно,царицыно,city_part,False,4592300000,ok
Красноборский муниципальный округ,красноборский,mo,False,1153000020,ok
Беловский муниципальный округ,беловский,mo,False,3250100000,ok
Усть-Канский муниципальный район,усть канский,mr,False,8463500000,ok
Тальменский муниципальный район,тальменский,mr,False,0164700000,ok
городской округ Костомукшский,костомукшский,go,False,,не найдено/неоднозначно
Пронский муниципальный район,пронский,mr,False,6162500000,ok
муниципальный округ Свечинский,свечинский,mo,False,3353400000,ok
Пыщугский муниципальный округ,пыщугский,mo,False,3453800000,ok
городской округ город Избербаш,избербаш,go,False,8271500000,ok
городской округ Спасск-Дальний,спасск дальний,go,False,0572000000,ok
муниципальный округ Можгинский район,можгинский,mo,False,9453500000,ok
Советский муниципальный округ,советский,mo,False,0755000000,ok
муниципальный округ Ржевский,ржевский,mo,False,2854800000,ok
городской округ рабочий поселок (поселок городского типа) Прогресс,городского прогресс,go,False,,не найдено/неоднозначно
Некрасовский муниципальный район,некрасовский,mr,False,7862600000,ok
Баганский муниципальный район,баганский,mr,False,5060300000,ok
Коркинский муниципальный округ,коркинский,mo,False,7553300000,ok
городской округ город Северобайкальск,северобайкальск,go,False,8172000020,ok
городской округ город Орск,орск,go,False,5372300000,ok
Гиагинский муниципальный район,гиагинский,mr,False,7960500000,ok
Приаргунский муниципальный округ,приаргунский,mo,False,7653800000,ok
Новониколаевский муниципальный район,новониколаевский,mr,False,1864000000,ok
городской округ Мысковский,мысковский,go,False,3272800000,ok
Мордовский муниципальный округ,мордовский,mo,False,6851400000,ok
внутригородская территория города федерального значения муниципальный округ Свиблово,свиблово,city_part,False,4536100000,ok
городской округ Фрязино,фрязино,go,False,4678000000,ok
Оленекский эвенкийский национальный муниципальный район,оленекский эвенкийский,mr,False,9864200011,ok
Киреевский муниципальный район,киреевский,mr,False,7062800000,ok
Кондинский муниципальный район,кондинский,mr,False,7181600020,ok
Юхновский муниципальный район,юхновский,mr,False,2965000000,ok
муниципальный округ Каракулинский район,каракулинский,mo,False,9452200000,ok
Кежемский муниципальный район,кежемский,mr,False,0462400020,ok
Урмарский муниципальный округ,урмарский,mo,False,9753800000,ok
Предгорный муниципальный округ,предгорный,mo,False,0754800000,ok
Илишевский муниципальный район,илишевский,mr,False,8063000000,ok
Духовщинский муниципальный район,духовщинский,mr,False,6661600000,ok
Плюсский муниципальный район,плюсский,mr,False,5864300000,ok
городской округ Качканарский,качканарский,go,False,6574300000,ok
Яранский муниципальный район,яранский,mr,False,3365000000,ok
городской округ город Чкаловск,чкаловск,go,False,2275500000,ok
Ордынский муниципальный район,ордынский,mr,False,5064200000,ok
внутригородская территория города федерального значения муниципальный округ Орехово-Борисово Северное,орехово борисово северное,city_part,False,4592100000,ok
внутригородская территория города федерального значения муниципальный округ Дворцовый округ,дворцовый,city_part,False,4090800000,ok
Ромодановский муниципальный район,ромодановский,mr,False,8964000000,ok
Лысковский муниципальный округ,лысковский,mo,False,2254000000,ok
городской округ Истра,истра,go,False,4673300000,ok
Новодеревеньковский муниципальный район,новодеревеньковский,mr,False,5463900000,ok
Карсунский муниципальный район,карсунский,mr,False,7361400000,ok
муниципальный округ Надымский район,надымский,mo,False,7193600011,ok
муниципальный округ Кикнурский,кикнурский,mo,False,3351600000,ok
Ковдорский муниципальный округ,ковдорский,mo,False,4751700011,ok
муниципальный округ Западнодвинский,западнодвинский,mo,False,2851600000,ok
внутригородская территория города федерального значения муниципальный округ Хорошевский,хорошевский,city_part,False,,не найдено/неоднозначно
городской округ город Кирсанов,кирсанов,go,False,6870500000,ok
Абазинский муниципальный район,абазинский,mr,False,9160100000,ok
Володарский муниципальный округ,володарский,mo,False,2252000000,ok
городской округ Серебряные Пруды,серебряные пруды,go,False,4677200000,ok
Ширинский муниципальный район,ширинский,mr,False,9563500000,ok
Усть-Джегутинский муниципальный район,усть джегутинский,mr,False,9163500000,ok
Кстовский муниципальный округ,кстовский,mo,False,2253700000,ok
Пестяковский муниципальный район,пестяковский,mr,False,2461900000,ok
городской округ Пышминский,пышминский,go,False,6571800000,ok
Старошайговский муниципальный район,старошайговский,mr,False,8964600000,ok
Свердловский муниципальный район,свердловский,mr,False,5465200000,ok
Кызылский муниципальный район,кызылский,mr,False,9362200020,ok
внутригородская территория города федерального значения муниципальный округ Шувалово-Озерки,шувалово озерки,city_part,False,4031900000,ok
Усть-Алданский муниципальный район,усть алданский,mr,False,9865200010,ok
Сусанинский муниципальный район,сусанинский,mr,False,3464400000,ok
Каратузский муниципальный район,каратузский,mr,False,0462200000,ok
Троицкий муниципальный район,троицкий,mr,False,,не найдено/неоднозначно
Сеченовский муниципальный округ,сеченовский,mo,False,2254900000,ok
Нурлатский муниципальный район,нурлатский,mr,False,9264600000,ok
Серышевский муниципальный округ,серышевский,mo,False,1054700000,ok
Нефтекумский муниципальный округ,нефтекумский,mo,False,0754100000,ok
Парфинский муниципальный район,парфинский,mr,False,4963000000,ok
муниципальный округ Пестовский,пестовский,mo,False,4953200000,ok
городской округ город Шадринск,шадринск,go,False,3770500000,ok
внутригородская территория города федерального значения муниципальный округ Якиманка,якиманка,city_part,False,4538400000,ok
Тобольский муниципальный район,тобольский,mr,False,7164200000,ok
Уржумский муниципальный район,уржумский,mr,False,3364100000,ok
городской округ Орехово-Зуевский,орехово зуевский,go,False,4675700000,ok
Сухобузимский муниципальный район,сухобузимский,mr,False,0465100000,ok
Шарьинский муниципальный район,шарьинский,mr,False,3464800000,ok
Акшинский муниципальный округ,акшинский,mo,False,7650300000,ok
Маслянинский муниципальный район,маслянинский,mr,False,5063600000,ok
Яльчикский муниципальный округ,яльчикский,mo,False,9755500000,ok
Амурский муниципальный район,амурский,mr,False,0860300001,ok
Ермаковский муниципальный район,ермаковский,mr,False,0461600000,ok
городской округ город-герой Волгоград,волгоград,go,False,1870100000,ok
внутригородская территория города федерального значения муниципальный округ Беговой,беговой,city_part,False,,не найдено/неоднозначно
муниципальный округ Рамешковский,рамешковский,mo,False,2854700000,ok
Слободской муниципальный район,слободской,mr,False,3363500000,ok
Солонешенский муниципальный район,солонешенский,mr,False,0164300000,ok
Северо-Енисейский муниципальный район,северо енисейский,mr,False,0464900011,ok
Пестречинский муниципальный район,пестречинский,mr,False,9264800000,ok
Казачинский муниципальный район,казачинский,mr,False,0462000000,ok
Котельниковский муниципальный район,котельниковский,mr,False,1862400000,ok
Киржачский муниципальный район,киржачский,mr,False,1763000000,ok
городской округ Жуковский,жуковский,go,False,4672500000,ok
Беломорский муниципальный округ,беломорский,mo,False,8650400010,ok
Островский муниципальный округ,островский,mo,False,3453000000,ok
Тугуро-Чумиканский муниципальный район,тугуро чумиканский,mr,False,0864600021,ok
городской округ город Лабытнанги,лабытнанги,go,False,7195300010,ok
внутригородская территория города федерального значения муниципальный округ Марьино,марьино,city_part,False,4539000000,ok
Шимский муниципальный район,шимский,mr,False,4965500000,ok
Мещовский муниципальный район,мещовский,mr,False,2962700000,ok
Таврический муниципальный район,таврический,mr,False,5265300000,ok
Ольгинский муниципальный округ,ольгинский,mo,False,0552800021,ok
городской округ Великий Новгород,великий новгород,go,False,4970100000,ok
Камышлинский муниципальный район,камышлинский,mr,False,3661700000,ok
городской округ город Минусинск,минусинск,go,False,0472300000,ok
внутригородская территория города федерального значения муниципальный округ Ржевка,ржевка,city_part,False,4035200000,ok
Нижнеингашский муниципальный район,нижнеингашский,mr,False,0463900000,ok
внутригородская территория города федерального значения муниципальный округ округ Петровский,петровский,city_part,False,4039300000,ok
Нюксенский муниципальный округ,нюксенский,mo,False,1953600000,ok
Уйский муниципальный район,уйский,mr,False,7565600000,ok
внутригородская территория города федерального значения муниципальный округ Дачное,дачное,city_part,False,4033700000,ok
Кижингинский муниципальный район,кижингинский,mr,False,8162700000,ok
муниципальный округ Вуктыл,вуктыл,mo,False,8751200020,ok
внутригородская территория города федерального значения муниципальный округ Крюково,крюково,city_part,False,4533000000,ok
Инжавинский муниципальный округ,инжавинский,mo,False,6850800000,ok
Куртамышский муниципальный округ,куртамышский,mo,False,3751600000,ok
Бикинский муниципальный район,бикинский,mr,False,0860900001,ok
Рузаевский муниципальный район,рузаевский,mr,False,8964300000,ok
городской округ Александровск-Сахалинский район,александровск сахалинский,go,False,6470400021,ok
внутригородская территория города федерального значения муниципальный округ Сосновая поляна,сосновая поляна,city_part,False,4035600000,ok
Куменский муниципальный район,куменский,mr,False,3362000000,ok
городской округ город Шарыпово,шарыпово,go,False,0474000000,ok
Катайский муниципальный округ,катайский,mo,False,3751200000,ok
внутригородская территория города федерального значения муниципальный округ Северный,северный,city_part,True,,дубль названия у Сбера
Среднеахтубинский муниципальный район,среднеахтубинский,mr,False,1865100000,ok
Клепиковский муниципальный район,клепиковский,mr,False,6161000000,ok
внутригородская территория города федерального значения муниципальный округ Бескудниковский,бескудниковский,city_part,False,,не найдено/неоднозначно
Катав-Ивановский муниципальный район,катав ивановский,mr,False,7562900000,ok
Ивановский муниципальный район,ивановский,mr,False,2460700000,ok
Благовещенский муниципальный округ,благовещенский,mo,False,1051100000,ok
внутригородская территория города федерального значения муниципальный округ Смольнинское,смольнинское,city_part,False,4091100000,ok
Соболевский муниципальный район,соболевский,mr,False,3061300011,ok
городской округ город Буй,буй,go,False,3470500000,ok
городской округ Каменский,каменский,go,False,6571200000,ok
Калининский муниципальный район,калининский,mr,False,,не найдено/неоднозначно
внутригородская территория города федерального значения муниципальный округ Нижегородский,нижегородский,city_part,False,,не найдено/неоднозначно
Маловишерский муниципальный район,маловишерский,mr,False,4962000000,ok
внутригородская территория города федерального значения город Павловск,павловск,city_part,False,4038700000,ok
внутригородская территория города федерального значения муниципальный округ Георгиевский,георгиевский,city_part,False,4090500000,ok
внутригородская территория города федерального значения муниципальное образование Савелки,муниципальное образование савелки,city_part,False,,не найдено/неоднозначно
внутригородская территория города федерального значения муниципальный округ Останкинский,останкинский,city_part,False,,не найдено/неоднозначно
муниципальный округ город Кировск,кировск,mo,False,4752200010,ok
внутригородская территория города федерального значения муниципальный округ Ульянка,ульянка,city_part,False,4033600000,ok
городской округ Петрозаводский,петрозаводский,go,False,,не найдено/неоднозначно
Тарусский муниципальный район,тарусский,mr,False,2963800000,ok
муниципальный округ Пижанский,пижанский,mo,False,3353100000,ok
городской округ Кувандыкский,кувандыкский,go,False,5371400000,ok
Нижнеудинский муниципальный район,нижнеудинский,mr,False,2562800000,ok
Партизанский муниципальный округ,партизанский,mo,False,0553000000,ok
Устьянский муниципальный округ,устьянский,mo,False,1155400020,ok
городской округ город Лангепас,лангепас,go,False,7187200020,ok
Алатырский муниципальный округ,алатырский,mo,False,9750300000,ok
городской округ поселок Кедровый,кедровый,go,False,,не найдено/неоднозначно
внутригородская территория города федерального значения муниципальный округ Вешняки,вешняки,city_part,False,4530200000,ok
Кондопожский муниципальный район,кондопожский,mr,False,8661500020,ok
Сухиничский муниципальный район,сухиничский,mr,False,2963600000,ok
внутригородская территория города федерального значения муниципальный округ Чертаново Северное,чертаново северное,city_part,False,4592400000,ok
муниципальный округ Игринский район,игринский,mo,False,9451800000,ok
городской округ город Ноябрьск,ноябрьск,go,False,7195800010,ok
Себежский муниципальный район,себежский,mr,False,5865400000,ok
Тарногский муниципальный округ,тарногский,mo,False,1954200000,ok
городской округ город Братск,братск,go,False,2571400020,ok
Аургазинский муниципальный район,аургазинский,mr,False,8060500000,ok
Актанышский муниципальный район,актанышский,mr,False,9260500000,ok
Ханты-Мансийский муниципальный район,ханты мансийский,mr,False,7182900020,ok
Черлакский муниципальный район,черлакский,mr,False,5265800000,ok
Курьинский муниципальный район,курьинский,mr,False,0162300000,ok
городской округ Вичуга,вичуга,go,False,2470300000,ok
Камызякский муниципальный район,камызякский,mr,False,1262500000,ok
городской округ город Ковров,ковров,go,False,1772500000,ok
муниципальный округ Кесовогорский,кесовогорский,mo,False,2852600000,ok
городской округ город-курорт Железноводск,курорт железноводск,go,False,0771200000,ok
городской округ Бронницы,бронницы,go,False,4670500000,ok
внутригородская территория города федерального значения муниципальный округ Внуково,внуково,city_part,False,4531700000,ok
внутригородская территория города федерального значения город Зеленогорск,зеленогорск,city_part,False,4036100000,ok
муниципальный округ Калининский,калининский,mo,False,2852000000,ok
Нефтеюганский муниципальный район,нефтеюганский,mr,False,7181800020,ok
Парабельский муниципальный район,парабельский,mr,False,6964400021,ok
Мотыгинский муниципальный район,мотыгинский,mr,False,0463500020,ok
городской округ Ногликский,ногликский,go,False,6473200011,ok
Джидинский муниципальный район,джидинский,mr,False,8161200000,ok
Пировский муниципальный округ,пировский,mo,False,0454500000,ok
Родинский муниципальный район,родинский,mr,False,0163600000,ok
Искитимский муниципальный район,искитимский,mr,False,5061500000,ok
Сердобский муниципальный район,сердобский,mr,False,5665600000,ok
внутригородская территория города федерального значения муниципальный округ Финляндский округ,финляндский,city_part,False,4033000000,ok
Ашинский муниципальный район,ашинский,mr,False,7560900000,ok
Куюргазинский муниципальный район,куюргазинский,mr,False,8063900000,ok
городской округ Сосьвинский,сосьвинский,go,False,6572100000,ok
внутригородская территория города федерального значения муниципальный округ Тимирязевский,тимирязевский,city_part,False,,не найдено/неоднозначно
Тасеевский муниципальный район,тасеевский,mr,False,0465200000,ok
муниципальный округ Пуровский район,пуровский,mo,False,7194000011,ok
Ишимский муниципальный район,ишимский,mr,False,7162600000,ok
Варгашинский муниципальный округ,варгашинский,mo,False,3750600000,ok
Мокроусовский муниципальный округ,мокроусовский,mo,False,3752400000,ok
внутригородская территория города федерального значения муниципальный округ Красненькая речка,красненькая речка,city_part,False,4034000000,ok
Арский муниципальный район,арский,mr,False,9261200000,ok
городской округ Люберцы,люберцы,go,False,4674800000,ok
муниципальный округ Ягоднинский,ягоднинский,mo,False,4452200010,ok
городской округ город Покачи,покачи,go,False,7188400020,ok
Савинский муниципальный район,савинский,mr,False,2462500000,ok
Койгородский муниципальный район,койгородский,mr,False,8761200020,ok
городской округ город Бородино,бородино,go,False,0470700000,ok
Камышловский муниципальный район,камышловский,mr,False,6562300000,ok
Кораблинский муниципальный район,кораблинский,mr,False,6161200000,ok
Становлянский муниципальный район,становлянский,mr,False,4264200000,ok
муниципальный округ Частинский,частинский,mo,False,5755500000,ok
внутригородская территория города федерального значения поселение Новофедоровское,новофедоровское,city_part,False,4595400000,ok
Ипатовский муниципальный округ,ипатовский,mo,False,0752200000,ok
Малмыжский муниципальный район,малмыжский,mr,False,3362300000,ok
Альметьевский муниципальный район,альметьевский,mr,False,9260800000,ok
Угранский муниципальный район,угранский,mr,False,6665000000,ok
Апастовский муниципальный район,апастовский,mr,False,9261000000,ok
городской округ Ладушкинский,ладушкинский,go,False,2771100000,ok
Топчихинский муниципальный район,топчихинский,mr,False,0164900000,ok
муниципальный округ Камбарский район,камбарский,mo,False,9452000000,ok
Хотынецкий муниципальный район,хотынецкий,mr,False,5465700000,ok
Курагинский муниципальный район,курагинский,mr,False,0463000000,ok
Кромской муниципальный район,кромской,mr,False,5462500000,ok
внутригородская территория города федерального значения поселение Московский,московский,city_part,False,,не найдено/неоднозначно
Ржаксинский муниципальный округ,ржаксинский,mo,False,6853000000,ok
Клетский муниципальный район,клетский,mr,False,1862200000,ok
муниципальный округ Гурьевский,гурьевский,mo,False,,не найдено/неоднозначно
Быстринский муниципальный район,быстринский,mr,False,3060400011,ok
внутригородская территория города федерального значения поселение Марушкинское,марушкинское,city_part,False,4594900000,ok
внутригородская территория города федерального значения муниципальный округ Отрадное,отрадное,city_part,False,4535900000,ok
внутригородская территория города федерального значения муниципальный округ Восточное Дегунино,восточное дегунино,city_part,False,4533700000,ok
Нижнеилимский муниципальный район,нижнеилимский,mr,False,2562600020,ok
городской округ Волоколамский,волоколамский,go,False,4670800000,ok
городской округ Семеновский,семеновский,go,False,2273700000,ok
Кайбицкий муниципальный район,кайбицкий,mr,False,9262900000,ok
Ольхонский муниципальный район,ольхонский,mr,False,2563000000,ok
Новоселицкий муниципальный округ,новоселицкий,mo,False,0754400000,ok
муниципальный округ Новоржевский,новоржевский,mo,False,5852300000,ok
Мценский муниципальный район,мценский,mr,False,5463600000,ok
Сафоновский муниципальный район,сафоновский,mr,False,6664100000,ok
Гаврилово-Посадский муниципальный район,гаврилово посадский,mr,False,2460300000,ok
Сафакулевский муниципальный округ,сафакулевский,mo,False,3753200000,ok
Пинежский муниципальный округ,пинежский,mo,False,1154800010,ok
Тарбагатайский муниципальный район,тарбагатайский,mr,False,8165000000,ok
внутригородская территория города федерального значения поселение Рязановское,рязановское,city_part,False,4595700000,ok
Боровский муниципальный район,боровский,mr,False,2960600000,ok
Назаровский муниципальный район,назаровский,mr,False,0463700000,ok
Барун-Хемчикский муниципальный район,барун хемчикский,mr,False,9361000020,ok
внутригородская территория города федерального значения муниципальный округ Адмиралтейский округ,адмиралтейский,city_part,False,,не найдено/неоднозначно
городской округ Сыктывкар,сыктывкар,go,False,8770100020,ok
Залесовский муниципальный округ,залесовский,mo,False,0151200000,ok
Тамалинский муниципальный район,тамалинский,mr,False,5665800000,ok
городской округ город Мурманск,мурманск,go,False,4770100010,ok
Белохолуницкий муниципальный район,белохолуницкий,mr,False,3360500000,ok
городской округ Чебаркульский,чебаркульский,go,False,7575800000,ok
Бутурлинский муниципальный округ,бутурлинский,mo,False,2251200000,ok
муниципальный округ Волотовский,волотовский,mo,False,4951000000,ok
Ахтубинский муниципальный район,ахтубинский,mr,False,1260500000,ok
городской округ Сызрань,сызрань,go,False,3673500000,ok
городской округ город Салехард,салехард,go,False,7195100011,ok
Сосковский муниципальный район,сосковский,mr,False,5465300000,ok
городской округ Верхнесалдинский,верхнесалдинский,go,False,6570800000,ok
городской округ город Киров,киров,go,False,3370100000,ok
городской округ город Абакан,абакан,go,False,9570100000,ok
муниципальный округ Тазовский район,тазовский,mo,False,7194300011,ok
внутригородская территория города федерального значения муниципальный округ Народный,народный,city_part,False,4038200000,ok
муниципальный округ Санчурский,санчурский,mo,False,3353300000,ok
городской округ Магнитогорский,магнитогорский,go,False,7573800000,ok
Байкаловский муниципальный район,байкаловский,mr,False,6560800000,ok
Коченевский муниципальный район,коченевский,mr,False,5062300000,ok
муниципальный округ Молоковский,молоковский,mo,False,2854200000,ok
городской округ город Новосибирск,новосибирск,go,False,5070100000,ok
городской округ город Новоульяновск,новоульяновск,go,False,7371500000,ok
Прилузский муниципальный район,прилузский,mr,False,8762400020,ok
внутригородская территория города федерального значения поселок Усть-Ижора,усть ижора,city_part,False,4034700000,ok
Бузулукский муниципальный район,бузулукский,mr,False,5361200000,ok
Саткинский муниципальный район,саткинский,mr,False,7564900000,ok
Суровикинский муниципальный район,суровикинский,mr,False,1865300000,ok
Кваркенский муниципальный район,кваркенский,mr,False,5362200000,ok
Орджоникидзевский муниципальный район,орджоникидзевский,mr,False,9562000000,ok
Нагорский муниципальный район,нагорский,mr,False,3362500000,ok
муниципальный округ Озерский,озерский,mo,False,2751600000,ok
внутригородская территория города федерального значения муниципальный округ Константиновское,константиновское,city_part,False,4035800000,ok
Собинский муниципальный район,собинский,mr,False,1765000000,ok
городской округ Пермский,пермский,go,False,5770100000,ok
Арзгирский муниципальный округ,арзгирский,mo,False,0750700000,ok
Мучкапский муниципальный округ,мучкапский,mo,False,6851800000,ok
Усть-Кубинский муниципальный округ,усть кубинский,mo,False,1954800000,ok
Усманский муниципальный район,усманский,mr,False,4264800000,ok
Анабарский национальный (долгано-эвенкийский) муниципальный район,анабарский долгано эвенкийский,mr,False,9861000010,ok
Бийский муниципальный район,бийский,mr,False,0160400000,ok
Половинский муниципальный округ,половинский,mo,False,3752800000,ok
Идринский муниципальный район,идринский,mr,False,0461700000,ok
внутригородская территория города федерального значения муниципальный округ Таганский,таганский,city_part,False,,не найдено/неоднозначно
муниципальный округ Завьяловский район,завьяловский,mo,False,9451600000,ok
городской округ Курильский,курильский,go,False,6472000010,ok
муниципальный округ Оленинский,оленинский,mo,False,2854400000,ok
городской округ Тайгинский,тайгинский,go,False,3274000000,ok
Онгудайский муниципальный район,онгудайский,mr,False,8462000000,ok
Манский муниципальный район,манский,mr,False,0463100000,ok
Сыктывдинский муниципальный район,сыктывдинский,mr,False,8762800020,ok
Теучежский муниципальный район,теучежский,mr,False,7963300000,ok
внутригородская территория города федерального значения муниципальный округ Коптево,коптево,city_part,False,4534100000,ok
Шацкий муниципальный район,шацкий,mr,False,6165600000,ok
Чердаклинский муниципальный район,чердаклинский,mr,False,7365600000,ok
внутригородская территория города федерального значения муниципальный округ № 21,21,city_part,False,,не найдено/неоднозначно
городской округ Петропавловск-Камчатский,петропавловск камчатский,go,False,3070100011,ok
городской округ Лосино-Петровский,лосино петровский,go,False,4674200000,ok
городской округ город Мегион,мегион,go,False,7187300020,ok
Дорогобужский муниципальный район,дорогобужский,mr,False,6661400000,ok
городской округ Сухой Лог,сухой лог,go,False,6575800000,ok
городской округ Удомельский,удомельский,go,False,2875100000,ok
внутригородская территория города федерального значения муниципальный округ Старое Крюково,старое крюково,city_part,False,4592700000,ok
Кыринский муниципальный район,кыринский,mr,False,7662400000,ok
Сергиевский муниципальный район,сергиевский,mr,False,3663800000,ok
Пителинский муниципальный район,пителинский,mr,False,6162300000,ok
муниципальный округ Кишертский,кишертский,mo,False,5752400000,ok
городской округ город Ижевск,ижевск,go,False,9470100000,ok
городской округ город Воткинск,воткинск,go,False,9471000000,ok
городской округ город Октябрьский,октябрьский,go,False,,не найдено/неоднозначно
Калганский муниципальный округ,калганский,mo,False,7651800000,ok
Палкинский муниципальный район,палкинский,mr,False,5863700000,ok
Лодейнопольский муниципальный район,лодейнопольский,mr,False,4162700000,ok
Камешковский муниципальный район,камешковский,mr,False,1762500000,ok
Томпонский муниципальный район,томпонский,mr,False,9865000010,ok
Оймяконский муниципальный район,оймяконский,mr,False,9863900010,ok
городской округ город Новодвинск,новодвинск,go,False,1171500020,ok
муниципальный округ Граховский район,граховский,mo,False,9451200000,ok
городской округ город Архангельск,архангельск,go,False,1170100020,ok
Бугурусланский муниципальный район,бугурусланский,mr,False,5361100000,ok
Новичихинский муниципальный район,новичихинский,mr,False,0162800000,ok
Ртищевский муниципальный район,ртищевский,mr,False,6364100000,ok
Няндомский муниципальный округ,няндомский,mo,False,1154400020,ok
городской округ город Пыть-Ях,пыть ях,go,False,7188500020,ok
Оричевский муниципальный район,оричевский,mr,False,3363000000,ok
городской округ Верхнеуфалейский,верхнеуфалейский,go,False,7570600000,ok
Ужурский муниципальный район,ужурский,mr,False,0465600000,ok
городской округ город Искитим,искитим,go,False,5071200000,ok
Никольский муниципальный район,никольский,mr,False,5665300000,ok
городской округ Перевозский,перевозский,go,False,2273900000,ok
внутригородская территория города федерального значения муниципальный округ Кузьминки,кузьминки,city_part,False,4538700000,ok
муниципальный округ Печорский,печорский,mo,False,5854000000,ok
муниципальный округ Селтинский район,селтинский,mo,False,9453900000,ok
Плесецкий муниципальный округ,плесецкий,mo,False,1155000020,ok
городской округ Иваново,иваново,go,False,2470100000,ok
внутригородская территория города федерального значения муниципальный округ Черемушки,черемушки,city_part,False,4590800000,ok
внутригородская территория города федерального значения муниципальный округ Покровское-Стрешнево,покровское стрешнево,city_part,False,4536800000,ok
Балашовский муниципальный район,балашовский,mr,False,6360800000,ok
Ольховский муниципальный район,ольховский,mr,False,1864300000,ok
Угличский муниципальный район,угличский,mr,False,7864600000,ok
Альшеевский муниципальный район,альшеевский,mr,False,8060200000,ok
городской округ Похвистнево,похвистнево,go,False,3672700000,ok
Кирсановский муниципальный округ,кирсановский,mo,False,6851000000,ok
Большеглушицкий муниципальный район,большеглушицкий,mr,False,3660800000,ok
Судиславский муниципальный район,судиславский,mr,False,3464200000,ok
внутригородская территория города федерального значения муниципальный округ Силино,силино,city_part,False,4533200000,ok
муниципальный округ Юрлинский,юрлинский,mo,False,5755900000,ok
Измалковский муниципальный район,измалковский,mr,False,4262700000,ok
Кольчугинский муниципальный район,кольчугинский,mr,False,1764000000,ok
городской округ Заречный,заречный,go,False,,не найдено/неоднозначно
внутригородская территория города федерального значения город Сестрорецк,сестрорецк,city_part,False,4036200000,ok
Даниловский муниципальный район,даниловский,mr,True,,дубль названия у Сбера
Нукутский муниципальный район,нукутский,mr,False,2562900000,ok
Краснокамский муниципальный район,краснокамский,mr,False,8063700000,ok
Читинский муниципальный район,читинский,mr,False,7665000000,ok
Мирнинский муниципальный район,мирнинский,mr,False,9863100010,ok
Прикубанский муниципальный район,прикубанский,mr,False,9162500000,ok
Мошковский муниципальный район,мошковский,mr,False,5063800000,ok
городской округ Верхотурский,верхотурский,go,False,6570900000,ok
городской округ город Енисейск,енисейск,go,False,0471200020,ok
Ульчский муниципальный район,ульчский,mr,False,0865000021,ok
Сковородинский муниципальный округ,сковородинский,mo,False,1054900000,ok
внутригородская территория города федерального значения муниципальный округ Митино,митино,city_part,False,4536700000,ok
городской округ город Коряжма,коряжма,go,False,1170800020,ok
городской округ город Петровск-Забайкальский,петровск забайкальский,go,False,7671500000,ok
внутригородская территория города федерального значения муниципальный округ Южное Медведково,южное медведково,city_part,False,4536400000,ok
Кусинский муниципальный район,кусинский,mr,False,7563800000,ok
Сут-Хольский муниципальный район,сут хольский,mr,False,9363800020,ok
внутригородская территория города федерального значения муниципальный округ Гражданка,гражданка,city_part,False,4032800000,ok
Краснокутский муниципальный район,краснокутский,mr,False,6362300000,ok
городской округ Лотошино,лотошино,go,False,4675200000,ok
Юргинский муниципальный район,юргинский,mr,False,7165300000,ok
Илекский муниципальный район,илекский,mr,False,5361900000,ok
внутригородская территория города федерального значения муниципальный округ Очаково-Матвеевское,очаково матвеевское,city_part,False,4532300000,ok
внутригородская территория города федерального значения муниципальный округ Молжаниновский,молжаниновский,city_part,False,,не найдено/неоднозначно
Лев-Толстовский муниципальный район,лев толстовский,mr,False,4263600000,ok
внутригородская территория города федерального значения муниципальный округ Крылатское,крылатское,city_part,False,4531900000,ok
Батецкий муниципальный район,батецкий,mr,False,4960300000,ok
Верховский муниципальный район,верховский,mr,False,5460800000,ok
городской округ город Тында,тында,go,False,1073200020,ok
Земетчинский муниципальный район,земетчинский,mr,False,5662300000,ok
городской округ город Екатеринбург,екатеринбург,go,False,,не найдено/неоднозначно
Тоцкий муниципальный район,тоцкий,mr,False,5365200000,ok
внутригородская территория города федерального значения муниципальный округ Остров Декабристов,остров декабристов,city_part,False,4031100000,ok
городской округ Одинцовский,одинцовский,go,False,4675500000,ok
Сосновский муниципальный район,сосновский,mr,False,7565200000,ok
городской округ Навашинский,навашинский,go,False,2273000000,ok
городской округ Прокопьевский,прокопьевский,go,False,3273700000,ok
муниципальный округ Суетский район,суетский,mo,False,0154100000,ok
Момский муниципальный район,момский,mr,False,9863300010,ok
Колосовский муниципальный район,колосовский,mr,False,5262100000,ok
Моршанский муниципальный округ,моршанский,mo,False,6851600000,ok
Викуловский муниципальный район,викуловский,mr,False,7161500000,ok
Чаа-Хольский муниципальный район,чаа хольский,mr,False,9365600020,ok
Эрзинский муниципальный район,эрзинский,mr,False,9365800020,ok
Радищевский муниципальный район,радищевский,mr,False,7363400000,ok
Чемальский муниципальный район,чемальский,mr,False,8464300000,ok
Кинель-Черкасский муниципальный район,кинель черкасский,mr,False,3662000000,ok
Всеволожский муниципальный район,всеволожский,mr,False,4161200000,ok
Таттинский муниципальный район,таттинский,mr,False,9860400010,ok
Олонецкий муниципальный район,олонецкий,mr,False,8663000020,ok
Глинковский муниципальный район,глинковский,mr,False,6660900000,ok
Ярковский муниципальный район,ярковский,mr,False,7165800000,ok
городской округ город Магас,магас,go,False,2670100000,ok
Озинский муниципальный район,озинский,mr,False,6363200000,ok
Гудермесский муниципальный район,гудермесский,mr,False,9661000000,ok
Пудожский муниципальный район,пудожский,mr,False,8664200020,ok
Кумторкалинский муниципальный район,кумторкалинский,mr,False,8263600000,ok
Надеждинский муниципальный район,надеждинский,mr,False,0562300000,ok
Яковлевский муниципальный округ,яковлевский,mo,False,0555900000,ok
Исетский муниципальный район,исетский,mr,False,7162400000,ok
Никольский муниципальный округ,никольский,mo,False,1953400000,ok
Цильнинский муниципальный район,цильнинский,mr,False,7365400000,ok
городской округ Анивский,анивский,go,False,6470800020,ok
Тяжинский муниципальный округ,тяжинский,mo,False,3253400000,ok
муниципальный округ Алнашский район,алнашский,mo,False,9450200000,ok
Притобольный муниципальный округ,притобольный,mo,False,3753000000,ok
муниципальный округ Багратионовский,багратионовский,mo,False,2750300000,ok
Угловский муниципальный район,угловский,mr,False,0165300000,ok
Сергокалинский муниципальный район,сергокалинский,mr,False,8264400000,ok
Рыбно-Слободский муниципальный район,рыбно слободский,mr,False,9265000000,ok
Баргузинский муниципальный район,баргузинский,mr,False,8160300020,ok
внутригородская территория города федерального значения муниципальный округ Можайский,можайский,city_part,False,,не найдено/неоднозначно
внутригородская территория города федерального значения муниципальный округ Южнопортовый,южнопортовый,city_part,False,,не найдено/неоднозначно
Тогучинский муниципальный район,тогучинский,mr,False,5065200000,ok
Ивантеевский муниципальный район,ивантеевский,mr,False,6361900000,ok
Тепло-Огаревский муниципальный район,тепло огаревский,mr,False,7064200000,ok
Новгородский муниципальный район,новгородский,mr,False,4962500000,ok
Мензелинский муниципальный район,мензелинский,mr,False,9264000000,ok
Тотемский муниципальный округ,тотемский,mo,False,1954600000,ok
Майнский муниципальный район,майнский,mr,False,7362000000,ok
городской округ город Саяногорск,саяногорск,go,False,9570800000,ok
муниципальный округ Пыталовский,пыталовский,mo,False,5855300000,ok
Юринский муниципальный район,юринский,mr,False,8865600000,ok
городской округ Светлогорский,светлогорский,go,False,2773400000,ok
Дигорский муниципальный район,дигорский,mr,False,9061500000,ok
Спас-Деменский муниципальный район,спас деменский,mr,False,2963400000,ok
городской округ Горноуральский,горноуральский,go,False,6571700000,ok
Макарьевский муниципальный район,макарьевский,mr,False,3461800000,ok
внутригородская территория города федерального значения муниципальный округ Волковское,волковское,city_part,False,4090200000,ok
Зианчуринский муниципальный район,зианчуринский,mr,False,8062600000,ok
Киквидзенский муниципальный район,киквидзенский,mr,False,1862000000,ok
городской округ город Владикавказ,владикавказ,go,False,9070100000,ok
Октябрьский муниципальный округ,октябрьский,mo,False,0552600000,ok
городской округ Долинский,долинский,go,False,6471200020,ok
внутригородская территория города федерального значения муниципальный округ Текстильщики,текстильщики,city_part,False,4539500000,ok
Белоярский муниципальный район,белоярский,mr,False,7181100011,ok
Новоселовский муниципальный район,новоселовский,mr,False,0464100000,ok
Солигаличский муниципальный округ,солигаличский,mo,False,3454000000,ok
Зейский муниципальный округ,зейский,mo,False,1052500020,ok
городской округ город Кизилюрт,кизилюрт,go,False,8272500000,ok
Мелекесский муниципальный район,мелекесский,mr,False,7362200000,ok
Холмский муниципальный район,холмский,mr,False,4964700000,ok
внутригородская территория города федерального значения муниципальный округ Новокосино,новокосино,city_part,False,4531000000,ok
внутригородская территория города федерального значения муниципальный округ Раменки,раменки,city_part,False,4532500000,ok
Атнинский муниципальный район,атнинский,mr,False,9261300000,ok
Нолинский муниципальный район,нолинский,mr,False,3362700000,ok
